ID,URL,Title,Difficulty,Acceptance %,Frequency %
1,https://leetcode.com/problems/two-sum,Two Sum,Easy,57.4%,100.0%
2,https://leetcode.com/problems/add-two-numbers,Add Two Numbers,Medium,48.3%,75.2%
14,https://leetcode.com/problems/longest-common-prefix,Longest Common Prefix,Easy,47.4%,73.0%
4,https://leetcode.com/problems/median-of-two-sorted-arrays,Median of Two Sorted Arrays,Hard,46.4%,69.3%
9,https://leetcode.com/problems/palindrome-number,Palindrome Number,Easy,60.5%,68.8%
121,https://leetcode.com/problems/best-time-to-buy-and-sell-stock,Best Time to Buy and Sell Stock,Easy,56.7%,68.8%
3,https://leetcode.com/problems/longest-substring-without-repeating-characters,Longest Substring Without Repeating Characters,Medium,38.9%,68.2%
11,https://leetcode.com/problems/container-with-most-water,Container With Most Water,Medium,59.9%,68.2%
1929,https://leetcode.com/problems/concatenation-of-array,Concatenation of Array,Easy,90.4%,64.9%
5,https://leetcode.com/problems/longest-palindromic-substring,Longest Palindromic Substring,Medium,37.7%,64.2%
42,https://leetcode.com/problems/trapping-rain-water,Trapping Rain Water,Hard,67.2%,63.5%
7,https://leetcode.com/problems/reverse-integer,Reverse Integer,Medium,31.8%,62.8%
13,https://leetcode.com/problems/roman-to-integer,Roman to Integer,Easy,66.5%,62.8%
15,https://leetcode.com/problems/3sum,3Sum,Medium,38.9%,62.8%
560,https://leetcode.com/problems/subarray-sum-equals-k,Subarray Sum Equals K,Medium,47.2%,62.8%
128,https://leetcode.com/problems/longest-consecutive-sequence,Longest Consecutive Sequence,Medium,47.1%,62.4%
20,https://leetcode.com/problems/valid-parentheses,Valid Parentheses,Easy,44.1%,62.0%
26,https://leetcode.com/problems/remove-duplicates-from-sorted-array,Remove Duplicates from Sorted Array,Easy,62.7%,61.6%
175,https://leetcode.com/problems/combine-two-tables,Combine Two Tables,Easy,79.5%,61.2%
56,https://leetcode.com/problems/merge-intervals,Merge Intervals,Medium,51.6%,60.8%
169,https://leetcode.com/problems/majority-element,Majority Element,Easy,66.2%,60.8%
206,https://leetcode.com/problems/reverse-linked-list,Reverse Linked List,Easy,80.5%,58.5%
2667,https://leetcode.com/problems/create-hello-world-function,Create Hello World Function,Easy,81.9%,58.5%
88,https://leetcode.com/problems/merge-sorted-array,Merge Sorted Array,Easy,54.7%,58.0%
53,https://leetcode.com/problems/maximum-subarray,Maximum Subarray,Medium,53.2%,57.0%
394,https://leetcode.com/problems/decode-string,Decode String,Medium,62.5%,57.0%
200,https://leetcode.com/problems/number-of-islands,Number of Islands,Medium,64.2%,56.4%
347,https://leetcode.com/problems/top-k-frequent-elements,Top K Frequent Elements,Medium,66.3%,56.4%
31,https://leetcode.com/problems/next-permutation,Next Permutation,Medium,45.1%,54.1%
354,https://leetcode.com/problems/russian-doll-envelopes,Russian Doll Envelopes,Hard,37.8%,54.1%
21,https://leetcode.com/problems/merge-two-sorted-lists,Merge Two Sorted Lists,Easy,68.2%,53.4%
70,https://leetcode.com/problems/climbing-stairs,Climbing Stairs,Easy,54.0%,53.4%
253,https://leetcode.com/problems/meeting-rooms-ii,Meeting Rooms II,Medium,52.6%,53.4%
283,https://leetcode.com/problems/move-zeroes,Move Zeroes,Easy,63.8%,53.4%
875,https://leetcode.com/problems/koko-eating-bananas,Koko Eating Bananas,Medium,49.9%,53.4%
28,https://leetcode.com/problems/find-the-index-of-the-first-occurrence-in-a-string,Find the Index of the First Occurrence in a String,Easy,46.5%,52.8%
54,https://leetcode.com/problems/spiral-matrix,Spiral Matrix,Medium,56.6%,52.8%
217,https://leetcode.com/problems/contains-duplicate,Contains Duplicate,Easy,64.3%,52.8%
242,https://leetcode.com/problems/valid-anagram,Valid Anagram,Easy,68.0%,52.8%
167,https://leetcode.com/problems/two-sum-ii-input-array-is-sorted,Two Sum II - Input Array Is Sorted,Medium,64.9%,51.3%
215,https://leetcode.com/problems/kth-largest-element-in-an-array,Kth Largest Element in an Array,Medium,68.9%,51.3%
1502,https://leetcode.com/problems/can-make-arithmetic-progression-from-sequence,Can Make Arithmetic Progression From Sequence,Easy,69.0%,51.3%
34,https://leetcode.com/problems/find-first-and-last-position-of-element-in-sorted-array,Find First and Last Position of Element in Sorted Array,Medium,48.7%,50.6%
66,https://leetcode.com/problems/plus-one,Plus One,Easy,49.9%,50.6%
67,https://leetcode.com/problems/add-binary,Add Binary,Easy,57.9%,50.6%
1944,https://leetcode.com/problems/number-of-visible-people-in-a-queue,Number of Visible People in a Queue,Hard,72.9%,50.6%
2877,https://leetcode.com/problems/create-a-dataframe-from-list,Create a DataFrame from List,Easy,81.4%,50.0%
49,https://leetcode.com/problems/group-anagrams,Group Anagrams,Medium,72.5%,49.8%
125,https://leetcode.com/problems/valid-palindrome,Valid Palindrome,Easy,53.2%,49.8%
136,https://leetcode.com/problems/single-number,Single Number,Easy,77.6%,49.8%
198,https://leetcode.com/problems/house-robber,House Robber,Medium,53.1%,49.8%
22,https://leetcode.com/problems/generate-parentheses,Generate Parentheses,Medium,78.6%,49.0%
33,https://leetcode.com/problems/search-in-rotated-sorted-array,Search in Rotated Sorted Array,Medium,44.4%,49.0%
146,https://leetcode.com/problems/lru-cache,LRU Cache,Medium,47.2%,49.0%
238,https://leetcode.com/problems/product-of-array-except-self,Product of Array Except Self,Medium,68.8%,49.0%
2235,https://leetcode.com/problems/add-two-integers,Add Two Integers,Easy,87.9%,49.0%
51,https://leetcode.com/problems/n-queens,N-Queens,Hard,75.4%,48.1%
55,https://leetcode.com/problems/jump-game,Jump Game,Medium,40.8%,48.1%
84,https://leetcode.com/problems/largest-rectangle-in-histogram,Largest Rectangle in Histogram,Hard,49.7%,48.1%
162,https://leetcode.com/problems/find-peak-element,Find Peak Element,Medium,46.9%,48.1%
1757,https://leetcode.com/problems/recyclable-and-low-fat-products,Recyclable and Low Fat Products,Easy,88.7%,48.1%
27,https://leetcode.com/problems/remove-element,Remove Element,Easy,61.7%,47.2%
85,https://leetcode.com/problems/maximal-rectangle,Maximal Rectangle,Hard,58.6%,47.2%
424,https://leetcode.com/problems/longest-repeating-character-replacement,Longest Repeating Character Replacement,Medium,59.5%,47.2%
704,https://leetcode.com/problems/binary-search,Binary Search,Easy,60.8%,47.2%
1480,https://leetcode.com/problems/running-sum-of-1d-array,Running Sum of 1d Array,Easy,86.9%,47.2%
46,https://leetcode.com/problems/permutations,Permutations,Medium,81.8%,46.2%
78,https://leetcode.com/problems/subsets,Subsets,Medium,82.3%,46.2%
202,https://leetcode.com/problems/happy-number,Happy Number,Easy,59.5%,46.2%
207,https://leetcode.com/problems/course-schedule,Course Schedule,Medium,51.3%,46.2%
349,https://leetcode.com/problems/intersection-of-two-arrays,Intersection of Two Arrays,Easy,77.7%,46.2%
485,https://leetcode.com/problems/max-consecutive-ones,Max Consecutive Ones,Easy,65.0%,46.2%
18,https://leetcode.com/problems/4sum,4Sum,Medium,40.5%,45.2%
189,https://leetcode.com/problems/rotate-array,Rotate Array,Medium,44.8%,45.2%
448,https://leetcode.com/problems/find-all-numbers-disappeared-in-an-array,Find All Numbers Disappeared in an Array,Easy,64.0%,45.2%
912,https://leetcode.com/problems/sort-an-array,Sort an Array,Medium,55.9%,45.2%
10,https://leetcode.com/problems/regular-expression-matching,Regular Expression Matching,Hard,30.8%,44.1%
17,https://leetcode.com/problems/letter-combinations-of-a-phone-number,Letter Combinations of a Phone Number,Medium,65.9%,44.1%
23,https://leetcode.com/problems/merge-k-sorted-lists,Merge k Sorted Lists,Hard,59.4%,44.1%
39,https://leetcode.com/problems/combination-sum,Combination Sum,Medium,76.4%,44.1%
72,https://leetcode.com/problems/edit-distance,Edit Distance,Medium,60.5%,44.1%
75,https://leetcode.com/problems/sort-colors,Sort Colors,Medium,69.5%,44.1%
118,https://leetcode.com/problems/pascals-triangle,Pascal's Triangle,Easy,78.9%,44.1%
410,https://leetcode.com/problems/split-array-largest-sum,Split Array Largest Sum,Hard,60.3%,44.1%
540,https://leetcode.com/problems/single-element-in-a-sorted-array,Single Element in a Sorted Array,Medium,59.2%,44.1%
48,https://leetcode.com/problems/rotate-image,Rotate Image,Medium,79.6%,42.9%
58,https://leetcode.com/problems/length-of-last-word,Length of Last Word,Easy,58.7%,42.9%
160,https://leetcode.com/problems/intersection-of-two-linked-lists,Intersection of Two Linked Lists,Easy,63.6%,42.9%
181,https://leetcode.com/problems/employees-earning-more-than-their-managers,Employees Earning More Than Their Managers,Easy,73.1%,42.9%
268,https://leetcode.com/problems/missing-number,Missing Number,Easy,71.9%,42.9%
876,https://leetcode.com/problems/middle-of-the-linked-list,Middle of the Linked List,Easy,81.8%,42.9%
1768,https://leetcode.com/problems/merge-strings-alternately,Merge Strings Alternately,Easy,82.1%,42.9%
16,https://leetcode.com/problems/3sum-closest,3Sum Closest,Medium,48.4%,41.6%
35,https://leetcode.com/problems/search-insert-position,Search Insert Position,Easy,51.1%,41.6%
83,https://leetcode.com/problems/remove-duplicates-from-sorted-list,Remove Duplicates from Sorted List,Easy,56.6%,41.6%
100,https://leetcode.com/problems/same-tree,Same Tree,Easy,67.0%,41.6%
219,https://leetcode.com/problems/contains-duplicate-ii,Contains Duplicate II,Easy,51.1%,41.6%
231,https://leetcode.com/problems/power-of-two,Power of Two,Easy,50.0%,41.6%
300,https://leetcode.com/problems/longest-increasing-subsequence,Longest Increasing Subsequence,Medium,59.3%,41.6%
645,https://leetcode.com/problems/set-mismatch,Set Mismatch,Easy,43.8%,41.6%
994,https://leetcode.com/problems/rotting-oranges,Rotting Oranges,Medium,58.5%,41.6%
1004,https://leetcode.com/problems/max-consecutive-ones-iii,Max Consecutive Ones III,Medium,67.6%,41.6%
1470,https://leetcode.com/problems/shuffle-the-array,Shuffle the Array,Easy,88.9%,41.6%
1752,https://leetcode.com/problems/check-if-array-is-sorted-and-rotated,Check if Array Is Sorted and Rotated,Easy,56.0%,41.6%
6,https://leetcode.com/problems/zigzag-conversion,Zigzag Conversion,Medium,54.0%,40.3%
37,https://leetcode.com/problems/sudoku-solver,Sudoku Solver,Hard,65.4%,40.3%
62,https://leetcode.com/problems/unique-paths,Unique Paths,Medium,66.8%,40.3%
69,https://leetcode.com/problems/sqrtx,Sqrt(x),Easy,41.7%,40.3%
74,https://leetcode.com/problems/search-a-2d-matrix,Search a 2D Matrix,Medium,53.8%,40.3%
102,https://leetcode.com/problems/binary-tree-level-order-traversal,Binary Tree Level Order Traversal,Medium,72.5%,40.3%
141,https://leetcode.com/problems/linked-list-cycle,Linked List Cycle,Easy,54.2%,40.3%
152,https://leetcode.com/problems/maximum-product-subarray,Maximum Product Subarray,Medium,36.3%,40.3%
221,https://leetcode.com/problems/maximal-square,Maximal Square,Medium,50.2%,40.3%
234,https://leetcode.com/problems/palindrome-linked-list,Palindrome Linked List,Easy,57.8%,40.3%
239,https://leetcode.com/problems/sliding-window-maximum,Sliding Window Maximum,Hard,48.7%,40.3%
322,https://leetcode.com/problems/coin-change,Coin Change,Medium,48.3%,40.3%
359,https://leetcode.com/problems/logger-rate-limiter,Logger Rate Limiter,Easy,76.8%,40.3%
509,https://leetcode.com/problems/fibonacci-number,Fibonacci Number,Easy,74.1%,40.3%
518,https://leetcode.com/problems/coin-change-ii,Coin Change II,Medium,60.1%,40.3%
904,https://leetcode.com/problems/fruit-into-baskets,Fruit Into Baskets,Medium,50.9%,40.3%
3453,https://leetcode.com/problems/separate-squares-i,Separate Squares I,Medium,58.0%,40.3%
32,https://leetcode.com/problems/longest-valid-parentheses,Longest Valid Parentheses,Hard,38.6%,38.8%
41,https://leetcode.com/problems/first-missing-positive,First Missing Positive,Hard,42.8%,38.8%
73,https://leetcode.com/problems/set-matrix-zeroes,Set Matrix Zeroes,Medium,62.8%,38.8%
130,https://leetcode.com/problems/surrounded-regions,Surrounded Regions,Medium,45.1%,38.8%
155,https://leetcode.com/problems/min-stack,Min Stack,Medium,58.0%,38.8%
176,https://leetcode.com/problems/second-highest-salary,Second Highest Salary,Medium,46.8%,38.8%
205,https://leetcode.com/problems/isomorphic-strings,Isomorphic Strings,Easy,48.3%,38.8%
224,https://leetcode.com/problems/basic-calculator,Basic Calculator,Hard,46.8%,38.8%
345,https://leetcode.com/problems/reverse-vowels-of-a-string,Reverse Vowels of a String,Easy,61.1%,38.8%
383,https://leetcode.com/problems/ransom-note,Ransom Note,Easy,65.9%,38.8%
977,https://leetcode.com/problems/squares-of-a-sorted-array,Squares of a Sorted Array,Easy,73.7%,38.8%
81,https://leetcode.com/problems/search-in-rotated-sorted-array-ii,Search in Rotated Sorted Array II,Medium,39.0%,37.5%
188,https://leetcode.com/problems/best-time-to-buy-and-sell-stock-iv,Best Time to Buy and Sell Stock IV,Hard,47.4%,37.5%
647,https://leetcode.com/problems/palindromic-substrings,Palindromic Substrings,Medium,71.8%,37.5%
670,https://leetcode.com/problems/maximum-swap,Maximum Swap,Medium,51.8%,37.5%
931,https://leetcode.com/problems/minimum-falling-path-sum,Minimum Falling Path Sum,Medium,61.2%,37.5%
963,https://leetcode.com/problems/minimum-area-rectangle-ii,Minimum Area Rectangle II,Medium,55.7%,37.5%
1092,https://leetcode.com/problems/shortest-common-supersequence,Shortest Common Supersequence,Hard,61.4%,37.5%
1352,https://leetcode.com/problems/product-of-the-last-k-numbers,Product of the Last K Numbers,Medium,62.8%,37.5%
1825,https://leetcode.com/problems/finding-mk-average,Finding MK Average,Hard,38.2%,37.5%
2040,https://leetcode.com/problems/kth-smallest-product-of-two-sorted-arrays,Kth Smallest Product of Two Sorted Arrays,Hard,49.1%,37.5%
2140,https://leetcode.com/problems/solving-questions-with-brainpower,Solving Questions With Brainpower,Medium,60.3%,37.5%
2203,https://leetcode.com/problems/minimum-weighted-subgraph-with-the-required-paths,Minimum Weighted Subgraph With the Required Paths,Hard,38.8%,37.5%
2349,https://leetcode.com/problems/design-a-number-container-system,Design a Number Container System,Medium,57.2%,37.5%
2364,https://leetcode.com/problems/count-number-of-bad-pairs,Count Number of Bad Pairs,Medium,54.3%,37.5%
2560,https://leetcode.com/problems/house-robber-iv,House Robber IV,Medium,65.1%,37.5%
2594,https://leetcode.com/problems/minimum-time-to-repair-cars,Minimum Time to Repair Cars,Medium,59.9%,37.5%
2698,https://leetcode.com/problems/find-the-punishment-number-of-an-integer,Find the Punishment Number of an Integer,Medium,81.8%,37.5%
3024,https://leetcode.com/problems/type-of-triangle,Type of Triangle,Easy,44.7%,37.5%
3151,https://leetcode.com/problems/special-array-i,Special Array I,Easy,81.7%,37.5%
3169,https://leetcode.com/problems/count-days-without-meetings,Count Days Without Meetings,Medium,47.9%,37.5%
3240,https://leetcode.com/problems/minimum-number-of-flips-to-make-binary-grid-palindromic-ii,Minimum Number of Flips to Make Binary Grid Palindromic II,Medium,24.7%,37.5%
3250,https://leetcode.com/problems/find-the-count-of-monotonic-pairs-i,Find the Count of Monotonic Pairs I,Hard,46.6%,37.5%
3355,https://leetcode.com/problems/zero-array-transformation-i,Zero Array Transformation I,Medium,54.4%,37.5%
3356,https://leetcode.com/problems/zero-array-transformation-ii,Zero Array Transformation II,Medium,43.6%,37.5%
3439,https://leetcode.com/problems/reschedule-meetings-for-maximum-free-time-i,Reschedule Meetings for Maximum Free Time I,Medium,53.8%,37.5%
3440,https://leetcode.com/problems/reschedule-meetings-for-maximum-free-time-ii,Reschedule Meetings for Maximum Free Time II,Medium,60.6%,37.5%
3472,https://leetcode.com/problems/longest-palindromic-subsequence-after-at-most-k-operations,Longest Palindromic Subsequence After at Most K Operations,Medium,36.5%,37.5%
3494,https://leetcode.com/problems/find-the-minimum-amount-of-time-to-brew-potions,Find the Minimum Amount of Time to Brew Potions,Medium,35.4%,37.5%
3529,https://leetcode.com/problems/count-cells-in-overlapping-horizontal-and-vertical-substrings,Count Cells in Overlapping Horizontal and Vertical Substrings,Medium,22.8%,37.5%
3537,https://leetcode.com/problems/fill-a-special-grid,Fill a Special Grid,Medium,70.0%,37.5%
3574,https://leetcode.com/problems/maximize-subarray-gcd-score,Maximize Subarray GCD Score,Hard,21.8%,37.5%
3597,https://leetcode.com/problems/partition-string,Partition String,Medium,56.2%,37.5%
12,https://leetcode.com/problems/integer-to-roman,Integer to Roman,Medium,70.8%,37.2%
19,https://leetcode.com/problems/remove-nth-node-from-end-of-list,Remove Nth Node From End of List,Medium,51.4%,37.2%
57,https://leetcode.com/problems/insert-interval,Insert Interval,Medium,45.1%,37.2%
127,https://leetcode.com/problems/word-ladder,Word Ladder,Hard,45.4%,37.2%
137,https://leetcode.com/problems/single-number-ii,Single Number II,Medium,67.0%,37.2%
151,https://leetcode.com/problems/reverse-words-in-a-string,Reverse Words in a String,Medium,56.2%,37.2%
236,https://leetcode.com/problems/lowest-common-ancestor-of-a-binary-tree,Lowest Common Ancestor of a Binary Tree,Medium,69.1%,37.2%
249,https://leetcode.com/problems/group-shifted-strings,Group Shifted Strings,Medium,67.8%,37.2%
287,https://leetcode.com/problems/find-the-duplicate-number,Find the Duplicate Number,Medium,64.2%,37.2%
380,https://leetcode.com/problems/insert-delete-getrandom-o1,Insert Delete GetRandom O(1),Medium,55.3%,37.2%
528,https://leetcode.com/problems/random-pick-with-weight,Random Pick with Weight,Medium,49.0%,37.2%
739,https://leetcode.com/problems/daily-temperatures,Daily Temperatures,Medium,68.6%,37.2%
743,https://leetcode.com/problems/network-delay-time,Network Delay Time,Medium,60.2%,37.2%
777,https://leetcode.com/problems/swap-adjacent-in-lr-string,Swap Adjacent in LR String,Medium,38.1%,37.2%
799,https://leetcode.com/problems/champagne-tower,Champagne Tower,Medium,64.1%,37.2%
68,https://leetcode.com/problems/text-justification,Text Justification,Hard,50.9%,35.4%
79,https://leetcode.com/problems/word-search,Word Search,Medium,47.2%,35.4%
122,https://leetcode.com/problems/best-time-to-buy-and-sell-stock-ii,Best Time to Buy and Sell Stock II,Medium,71.0%,35.4%
139,https://leetcode.com/problems/word-break,Word Break,Medium,49.4%,35.4%
197,https://leetcode.com/problems/rising-temperature,Rising Temperature,Easy,51.2%,35.4%
209,https://leetcode.com/problems/minimum-size-subarray-sum,Minimum Size Subarray Sum,Medium,51.5%,35.4%
210,https://leetcode.com/problems/course-schedule-ii,Course Schedule II,Medium,55.4%,35.4%
344,https://leetcode.com/problems/reverse-string,Reverse String,Easy,80.7%,35.4%
387,https://leetcode.com/problems/first-unique-character-in-a-string,First Unique Character in a String,Easy,65.4%,35.4%
503,https://leetcode.com/problems/next-greater-element-ii,Next Greater Element II,Medium,68.2%,35.4%
643,https://leetcode.com/problems/maximum-average-subarray-i,Maximum Average Subarray I,Easy,47.6%,35.4%
767,https://leetcode.com/problems/reorganize-string,Reorganize String,Medium,57.0%,35.4%
843,https://leetcode.com/problems/guess-the-word,Guess the Word,Hard,36.8%,35.4%
1101,https://leetcode.com/problems/the-earliest-moment-when-everyone-become-friends,The Earliest Moment When Everyone Become Friends,Medium,66.0%,35.4%
24,https://leetcode.com/problems/swap-nodes-in-pairs,Swap Nodes in Pairs,Medium,69.4%,33.5%
25,https://leetcode.com/problems/reverse-nodes-in-k-group,Reverse Nodes in k-Group,Hard,65.9%,33.5%
45,https://leetcode.com/problems/jump-game-ii,Jump Game II,Medium,42.7%,33.5%
80,https://leetcode.com/problems/remove-duplicates-from-sorted-array-ii,Remove Duplicates from Sorted Array II,Medium,64.6%,33.5%
124,https://leetcode.com/problems/binary-tree-maximum-path-sum,Binary Tree Maximum Path Sum,Hard,42.2%,33.5%
131,https://leetcode.com/problems/palindrome-partitioning,Palindrome Partitioning,Medium,73.9%,33.5%
232,https://leetcode.com/problems/implement-queue-using-stacks,Implement Queue using Stacks,Easy,69.7%,33.5%
278,https://leetcode.com/problems/first-bad-version,First Bad Version,Easy,47.0%,33.5%
329,https://leetcode.com/problems/longest-increasing-path-in-a-matrix,Longest Increasing Path in a Matrix,Hard,56.5%,33.5%
399,https://leetcode.com/problems/evaluate-division,Evaluate Division,Medium,64.1%,33.5%
414,https://leetcode.com/problems/third-maximum-number,Third Maximum Number,Easy,39.3%,33.5%
595,https://leetcode.com/problems/big-countries,Big Countries,Easy,68.5%,33.5%
636,https://leetcode.com/problems/exclusive-time-of-functions,Exclusive Time of Functions,Medium,66.2%,33.5%
778,https://leetcode.com/problems/swim-in-rising-water,Swim in Rising Water,Hard,67.8%,33.5%
787,https://leetcode.com/problems/cheapest-flights-within-k-stops,Cheapest Flights Within K Stops,Medium,41.7%,33.5%
1015,https://leetcode.com/problems/smallest-integer-divisible-by-k,Smallest Integer Divisible by K,Medium,54.4%,33.5%
1071,https://leetcode.com/problems/greatest-common-divisor-of-strings,Greatest Common Divisor of Strings,Easy,53.7%,33.5%
1838,https://leetcode.com/problems/frequency-of-the-most-frequent-element,Frequency of the Most Frequent Element,Medium,44.8%,33.5%
3637,https://leetcode.com/problems/trionic-array-i,Trionic Array I,Easy,49.5%,33.5%
50,https://leetcode.com/problems/powx-n,"Pow(x, n)",Medium,38.6%,31.2%
90,https://leetcode.com/problems/subsets-ii,Subsets II,Medium,61.2%,31.2%
94,https://leetcode.com/problems/binary-tree-inorder-traversal,Binary Tree Inorder Traversal,Easy,80.0%,31.2%
99,https://leetcode.com/problems/recover-binary-search-tree,Recover Binary Search Tree,Medium,59.4%,31.2%
103,https://leetcode.com/problems/binary-tree-zigzag-level-order-traversal,Binary Tree Zigzag Level Order Traversal,Medium,63.6%,31.2%
133,https://leetcode.com/problems/clone-graph,Clone Graph,Medium,65.1%,31.2%
135,https://leetcode.com/problems/candy,Candy,Hard,48.3%,31.2%
153,https://leetcode.com/problems/find-minimum-in-rotated-sorted-array,Find Minimum in Rotated Sorted Array,Medium,54.1%,31.2%
179,https://leetcode.com/problems/largest-number,Largest Number,Medium,42.9%,31.2%
240,https://leetcode.com/problems/search-a-2d-matrix-ii,Search a 2D Matrix II,Medium,57.2%,31.2%
304,https://leetcode.com/problems/range-sum-query-2d-immutable,Range Sum Query 2D - Immutable,Medium,58.2%,31.2%
371,https://leetcode.com/problems/sum-of-two-integers,Sum of Two Integers,Medium,55.4%,31.2%
402,https://leetcode.com/problems/remove-k-digits,Remove K Digits,Medium,36.7%,31.2%
412,https://leetcode.com/problems/fizz-buzz,Fizz Buzz,Easy,75.4%,31.2%
442,https://leetcode.com/problems/find-all-duplicates-in-an-array,Find All Duplicates in an Array,Medium,76.9%,31.2%
444,https://leetcode.com/problems/sequence-reconstruction,Sequence Reconstruction,Medium,30.7%,31.2%
577,https://leetcode.com/problems/employee-bonus,Employee Bonus,Easy,77.4%,31.2%
605,https://leetcode.com/problems/can-place-flowers,Can Place Flowers,Easy,29.1%,31.2%
658,https://leetcode.com/problems/find-k-closest-elements,Find K Closest Elements,Medium,49.6%,31.2%
662,https://leetcode.com/problems/maximum-width-of-binary-tree,Maximum Width of Binary Tree,Medium,45.5%,31.2%
833,https://leetcode.com/problems/find-and-replace-in-string,Find And Replace in String,Medium,50.8%,31.2%
844,https://leetcode.com/problems/backspace-string-compare,Backspace String Compare,Easy,49.9%,31.2%
974,https://leetcode.com/problems/subarray-sums-divisible-by-k,Subarray Sums Divisible by K,Medium,56.2%,31.2%
981,https://leetcode.com/problems/time-based-key-value-store,Time Based Key-Value Store,Medium,49.9%,31.2%
1011,https://leetcode.com/problems/capacity-to-ship-packages-within-d-days,Capacity To Ship Packages Within D Days,Medium,73.8%,31.2%
1094,https://leetcode.com/problems/car-pooling,Car Pooling,Medium,56.3%,31.2%
1143,https://leetcode.com/problems/longest-common-subsequence,Longest Common Subsequence,Medium,59.1%,31.2%
1148,https://leetcode.com/problems/article-views-i,Article Views I,Easy,76.7%,31.2%
1922,https://leetcode.com/problems/count-good-numbers,Count Good Numbers,Medium,57.6%,31.2%
2149,https://leetcode.com/problems/rearrange-array-elements-by-sign,Rearrange Array Elements by Sign,Medium,84.6%,31.2%
2965,https://leetcode.com/problems/find-missing-and-repeated-values,Find Missing and Repeated Values,Easy,83.2%,31.2%
3010,https://leetcode.com/problems/divide-an-array-into-subarrays-with-minimum-cost-i,Divide an Array Into Subarrays With Minimum Cost I,Easy,80.5%,31.2%
3721,https://leetcode.com/problems/longest-balanced-subarray-ii,Longest Balanced Subarray II,Hard,33.8%,31.2%
3225,https://leetcode.com/problems/maximum-score-from-grid-operations,Maximum Score From Grid Operations,Hard,64.5%,29.0%
43,https://leetcode.com/problems/multiply-strings,Multiply Strings,Medium,44.0%,28.7%
44,https://leetcode.com/problems/wildcard-matching,Wildcard Matching,Hard,31.8%,28.7%
71,https://leetcode.com/problems/simplify-path,Simplify Path,Medium,50.4%,28.7%
98,https://leetcode.com/problems/validate-binary-search-tree,Validate Binary Search Tree,Medium,35.6%,28.7%
104,https://leetcode.com/problems/maximum-depth-of-binary-tree,Maximum Depth of Binary Tree,Easy,78.1%,28.7%
110,https://leetcode.com/problems/balanced-binary-tree,Balanced Binary Tree,Easy,58.2%,28.7%
120,https://leetcode.com/problems/triangle,Triangle,Medium,59.9%,28.7%
150,https://leetcode.com/problems/evaluate-reverse-polish-notation,Evaluate Reverse Polish Notation,Medium,57.6%,28.7%
168,https://leetcode.com/problems/excel-sheet-column-title,Excel Sheet Column Title,Easy,46.3%,28.7%
190,https://leetcode.com/problems/reverse-bits,Reverse Bits,Easy,68.2%,28.7%
196,https://leetcode.com/problems/delete-duplicate-emails,Delete Duplicate Emails,Easy,65.9%,28.7%
204,https://leetcode.com/problems/count-primes,Count Primes,Medium,36.0%,28.7%
233,https://leetcode.com/problems/number-of-digit-one,Number of Digit One,Hard,38.5%,28.7%
258,https://leetcode.com/problems/add-digits,Add Digits,Easy,68.9%,28.7%
279,https://leetcode.com/problems/perfect-squares,Perfect Squares,Medium,56.5%,28.7%
303,https://leetcode.com/problems/range-sum-query-immutable,Range Sum Query - Immutable,Easy,72.0%,28.7%
328,https://leetcode.com/problems/odd-even-linked-list,Odd Even Linked List,Medium,62.5%,28.7%
350,https://leetcode.com/problems/intersection-of-two-arrays-ii,Intersection of Two Arrays II,Easy,59.8%,28.7%
392,https://leetcode.com/problems/is-subsequence,Is Subsequence,Easy,49.0%,28.7%
416,https://leetcode.com/problems/partition-equal-subset-sum,Partition Equal Subset Sum,Medium,49.4%,28.7%
437,https://leetcode.com/problems/path-sum-iii,Path Sum III,Medium,46.4%,28.7%
443,https://leetcode.com/problems/string-compression,String Compression,Medium,59.9%,28.7%
460,https://leetcode.com/problems/lfu-cache,LFU Cache,Hard,49.0%,28.7%
496,https://leetcode.com/problems/next-greater-element-i,Next Greater Element I,Easy,76.0%,28.7%
525,https://leetcode.com/problems/contiguous-array,Contiguous Array,Medium,51.2%,28.7%
567,https://leetcode.com/problems/permutation-in-string,Permutation in String,Medium,48.7%,28.7%
621,https://leetcode.com/problems/task-scheduler,Task Scheduler,Medium,63.0%,28.7%
703,https://leetcode.com/problems/kth-largest-element-in-a-stream,Kth Largest Element in a Stream,Easy,60.9%,28.7%
721,https://leetcode.com/problems/accounts-merge,Accounts Merge,Medium,61.2%,28.7%
735,https://leetcode.com/problems/asteroid-collision,Asteroid Collision,Medium,47.7%,28.7%
811,https://leetcode.com/problems/subdomain-visit-count,Subdomain Visit Count,Medium,77.2%,28.7%
961,https://leetcode.com/problems/n-repeated-element-in-size-2n-array,N-Repeated Element in Size 2N Array,Easy,79.9%,28.7%
1044,https://leetcode.com/problems/longest-duplicate-substring,Longest Duplicate Substring,Hard,31.1%,28.7%
1137,https://leetcode.com/problems/n-th-tribonacci-number,N-th Tribonacci Number,Easy,63.2%,28.7%
1235,https://leetcode.com/problems/maximum-profit-in-job-scheduling,Maximum Profit in Job Scheduling,Hard,54.7%,28.7%
1339,https://leetcode.com/problems/maximum-product-of-splitted-binary-tree,Maximum Product of Splitted Binary Tree,Medium,55.7%,28.7%
1415,https://leetcode.com/problems/the-k-th-lexicographical-string-of-all-happy-strings-of-length-n,The k-th Lexicographical String of All Happy Strings of Length n,Medium,87.1%,28.7%
1437,https://leetcode.com/problems/check-if-all-1s-are-at-least-length-k-places-away,Check If All 1's Are at Least Length K Places Away,Easy,64.3%,28.7%
1877,https://leetcode.com/problems/minimize-maximum-pair-sum-in-array,Minimize Maximum Pair Sum in Array,Medium,83.3%,28.7%
1925,https://leetcode.com/problems/count-square-sum-triples,Count Square Sum Triples,Easy,77.1%,28.7%
2035,https://leetcode.com/problems/partition-array-into-two-arrays-to-minimize-sum-difference,Partition Array Into Two Arrays to Minimize Sum Difference,Hard,23.3%,28.7%
2188,https://leetcode.com/problems/minimum-time-to-finish-the-race,Minimum Time to Finish the Race,Hard,43.3%,28.7%
2619,https://leetcode.com/problems/array-prototype-last,Array Prototype Last,Easy,74.7%,28.7%
3738,https://leetcode.com/problems/longest-non-decreasing-subarray-after-replacing-at-most-one-element,Longest Non-Decreasing Subarray After Replacing at Most One Element,Medium,22.0%,28.7%
3742,https://leetcode.com/problems/maximum-path-score-in-a-grid,Maximum Path Score in a Grid,Medium,53.9%,26.0%
8,https://leetcode.com/problems/string-to-integer-atoi,String to Integer (atoi),Medium,20.9%,25.7%
29,https://leetcode.com/problems/divide-two-integers,Divide Two Integers,Medium,19.7%,25.7%
36,https://leetcode.com/problems/valid-sudoku,Valid Sudoku,Medium,64.4%,25.7%
60,https://leetcode.com/problems/permutation-sequence,Permutation Sequence,Hard,52.8%,25.7%
76,https://leetcode.com/problems/minimum-window-substring,Minimum Window Substring,Hard,47.4%,25.7%
112,https://leetcode.com/problems/path-sum,Path Sum,Easy,54.8%,25.7%
134,https://leetcode.com/problems/gas-station,Gas Station,Medium,47.9%,25.7%
142,https://leetcode.com/problems/linked-list-cycle-ii,Linked List Cycle II,Medium,57.7%,25.7%
143,https://leetcode.com/problems/reorder-list,Reorder List,Medium,65.1%,25.7%
182,https://leetcode.com/problems/duplicate-emails,Duplicate Emails,Easy,73.7%,25.7%
183,https://leetcode.com/problems/customers-who-never-order,Customers Who Never Order,Easy,71.7%,25.7%
184,https://leetcode.com/problems/department-highest-salary,Department Highest Salary,Medium,57.9%,25.7%
226,https://leetcode.com/problems/invert-binary-tree,Invert Binary Tree,Easy,80.0%,25.7%
227,https://leetcode.com/problems/basic-calculator-ii,Basic Calculator II,Medium,46.8%,25.7%
228,https://leetcode.com/problems/summary-ranges,Summary Ranges,Easy,54.1%,25.7%
230,https://leetcode.com/problems/kth-smallest-element-in-a-bst,Kth Smallest Element in a BST,Medium,76.7%,25.7%
235,https://leetcode.com/problems/lowest-common-ancestor-of-a-binary-search-tree,Lowest Common Ancestor of a Binary Search Tree,Medium,70.5%,25.7%
237,https://leetcode.com/problems/delete-node-in-a-linked-list,Delete Node in a Linked List,Medium,83.8%,25.7%
257,https://leetcode.com/problems/binary-tree-paths,Binary Tree Paths,Easy,68.5%,25.7%
263,https://leetcode.com/problems/ugly-number,Ugly Number,Easy,43.4%,25.7%
295,https://leetcode.com/problems/find-median-from-data-stream,Find Median from Data Stream,Hard,54.4%,25.7%
319,https://leetcode.com/problems/bulb-switcher,Bulb Switcher,Medium,55.8%,25.7%
337,https://leetcode.com/problems/house-robber-iii,House Robber III,Medium,55.8%,25.7%
373,https://leetcode.com/problems/find-k-pairs-with-smallest-sums,Find K Pairs with Smallest Sums,Medium,41.8%,25.7%
389,https://leetcode.com/problems/find-the-difference,Find the Difference,Easy,60.3%,25.7%
417,https://leetcode.com/problems/pacific-atlantic-water-flow,Pacific Atlantic Water Flow,Medium,60.8%,25.7%
438,https://leetcode.com/problems/find-all-anagrams-in-a-string,Find All Anagrams in a String,Medium,53.6%,25.7%
450,https://leetcode.com/problems/delete-node-in-a-bst,Delete Node in a BST,Medium,54.5%,25.7%
455,https://leetcode.com/problems/assign-cookies,Assign Cookies,Easy,54.9%,25.7%
541,https://leetcode.com/problems/reverse-string-ii,Reverse String II,Easy,53.7%,25.7%
547,https://leetcode.com/problems/number-of-provinces,Number of Provinces,Medium,70.3%,25.7%
570,https://leetcode.com/problems/managers-with-at-least-5-direct-reports,Managers with at Least 5 Direct Reports,Medium,49.0%,25.7%
622,https://leetcode.com/problems/design-circular-queue,Design Circular Queue,Medium,54.4%,25.7%
678,https://leetcode.com/problems/valid-parenthesis-string,Valid Parenthesis String,Medium,40.0%,25.7%
680,https://leetcode.com/problems/valid-palindrome-ii,Valid Palindrome II,Easy,44.2%,25.7%
714,https://leetcode.com/problems/best-time-to-buy-and-sell-stock-with-transaction-fee,Best Time to Buy and Sell Stock with Transaction Fee,Medium,71.9%,25.7%
715,https://leetcode.com/problems/range-module,Range Module,Hard,44.9%,25.7%
728,https://leetcode.com/problems/self-dividing-numbers,Self Dividing Numbers,Easy,80.7%,25.7%
746,https://leetcode.com/problems/min-cost-climbing-stairs,Min Cost Climbing Stairs,Easy,68.2%,25.7%
815,https://leetcode.com/problems/bus-routes,Bus Routes,Hard,47.3%,25.7%
930,https://leetcode.com/problems/binary-subarrays-with-sum,Binary Subarrays With Sum,Medium,68.7%,25.7%
933,https://leetcode.com/problems/number-of-recent-calls,Number of Recent Calls,Easy,78.4%,25.7%
944,https://leetcode.com/problems/delete-columns-to-make-sorted,Delete Columns to Make Sorted,Easy,78.1%,25.7%
992,https://leetcode.com/problems/subarrays-with-k-different-integers,Subarrays with K Different Integers,Hard,68.0%,25.7%
1021,https://leetcode.com/problems/remove-outermost-parentheses,Remove Outermost Parentheses,Easy,87.0%,25.7%
1141,https://leetcode.com/problems/user-activity-for-the-past-30-days-i,User Activity for the Past 30 Days I,Easy,50.7%,25.7%
1193,https://leetcode.com/problems/monthly-transactions-i,Monthly Transactions I,Medium,59.1%,25.7%
1200,https://leetcode.com/problems/minimum-absolute-difference,Minimum Absolute Difference,Easy,75.1%,25.7%
1207,https://leetcode.com/problems/unique-number-of-occurrences,Unique Number of Occurrences,Easy,78.7%,25.7%
1251,https://leetcode.com/problems/average-selling-price,Average Selling Price,Easy,37.3%,25.7%
1283,https://leetcode.com/problems/find-the-smallest-divisor-given-a-threshold,Find the Smallest Divisor Given a Threshold,Medium,65.8%,25.7%
1358,https://leetcode.com/problems/number-of-substrings-containing-all-three-characters,Number of Substrings Containing All Three Characters,Medium,73.7%,25.7%
1441,https://leetcode.com/problems/build-an-array-with-stack-operations,Build an Array With Stack Operations,Medium,81.0%,25.7%
1461,https://leetcode.com/problems/check-if-a-string-contains-all-binary-codes-of-size-k,Check If a String Contains All Binary Codes of Size K,Medium,61.6%,25.7%
1512,https://leetcode.com/problems/number-of-good-pairs,Number of Good Pairs,Easy,89.8%,25.7%
1523,https://leetcode.com/problems/count-odd-numbers-in-an-interval-range,Count Odd Numbers in an Interval Range,Easy,54.5%,25.7%
1526,https://leetcode.com/problems/minimum-number-of-increments-on-subarrays-to-form-a-target-array,Minimum Number of Increments on Subarrays to Form a Target Array,Hard,78.2%,25.7%
1545,https://leetcode.com/problems/find-kth-bit-in-nth-binary-string,Find Kth Bit in Nth Binary String,Medium,73.7%,25.7%
1722,https://leetcode.com/problems/minimize-hamming-distance-after-swap-operations,Minimize Hamming Distance After Swap Operations,Medium,69.6%,25.7%
1971,https://leetcode.com/problems/find-if-path-exists-in-graph,Find if Path Exists in Graph,Easy,55.1%,25.7%
1975,https://leetcode.com/problems/maximum-matrix-sum,Maximum Matrix Sum,Medium,67.5%,25.7%
2337,https://leetcode.com/problems/move-pieces-to-obtain-a-string,Move Pieces to Obtain a String,Medium,56.7%,25.7%
2620,https://leetcode.com/problems/counter,Counter,Easy,82.4%,25.7%
2654,https://leetcode.com/problems/minimum-number-of-operations-to-make-all-array-elements-equal-to-1,Minimum Number of Operations to Make All Array Elements Equal to 1,Medium,54.7%,25.7%
2872,https://leetcode.com/problems/maximum-number-of-k-divisible-components,Maximum Number of K-Divisible Components,Hard,74.0%,25.7%
3234,https://leetcode.com/problems/count-the-number-of-substrings-with-dominant-ones,Count the Number of Substrings With Dominant Ones,Medium,42.0%,25.7%
52,https://leetcode.com/problems/n-queens-ii,N-Queens II,Hard,76.9%,25.0%
106,https://leetcode.com/problems/construct-binary-tree-from-inorder-and-postorder-traversal,Construct Binary Tree from Inorder and Postorder Traversal,Medium,66.3%,25.0%
111,https://leetcode.com/problems/minimum-depth-of-binary-tree,Minimum Depth of Binary Tree,Easy,50.8%,25.0%
114,https://leetcode.com/problems/flatten-binary-tree-to-linked-list,Flatten Binary Tree to Linked List,Medium,68.7%,25.0%
132,https://leetcode.com/problems/palindrome-partitioning-ii,Palindrome Partitioning II,Hard,35.4%,25.0%
145,https://leetcode.com/problems/binary-tree-postorder-traversal,Binary Tree Postorder Traversal,Easy,76.0%,25.0%
147,https://leetcode.com/problems/insertion-sort-list,Insertion Sort List,Medium,56.6%,25.0%
154,https://leetcode.com/problems/find-minimum-in-rotated-sorted-array-ii,Find Minimum in Rotated Sorted Array II,Hard,44.1%,25.0%
174,https://leetcode.com/problems/dungeon-game,Dungeon Game,Hard,39.6%,25.0%
187,https://leetcode.com/problems/repeated-dna-sequences,Repeated DNA Sequences,Medium,51.5%,25.0%
203,https://leetcode.com/problems/remove-linked-list-elements,Remove Linked List Elements,Easy,52.1%,25.0%
211,https://leetcode.com/problems/design-add-and-search-words-data-structure,Design Add and Search Words Data Structure,Medium,47.2%,25.0%
261,https://leetcode.com/problems/graph-valid-tree,Graph Valid Tree,Medium,49.4%,25.0%
264,https://leetcode.com/problems/ugly-number-ii,Ugly Number II,Medium,49.3%,25.0%
273,https://leetcode.com/problems/integer-to-english-words,Integer to English Words,Hard,34.4%,25.0%
306,https://leetcode.com/problems/additive-number,Additive Number,Medium,32.6%,25.0%
314,https://leetcode.com/problems/binary-tree-vertical-order-traversal,Binary Tree Vertical Order Traversal,Medium,57.2%,25.0%
321,https://leetcode.com/problems/create-maximum-number,Create Maximum Number,Hard,32.6%,25.0%
334,https://leetcode.com/problems/increasing-triplet-subsequence,Increasing Triplet Subsequence,Medium,39.1%,25.0%
338,https://leetcode.com/problems/counting-bits,Counting Bits,Easy,79.8%,25.0%
342,https://leetcode.com/problems/power-of-four,Power of Four,Easy,49.6%,25.0%
366,https://leetcode.com/problems/find-leaves-of-binary-tree,Find Leaves of Binary Tree,Medium,81.1%,25.0%
386,https://leetcode.com/problems/lexicographical-numbers,Lexicographical Numbers,Medium,76.0%,25.0%
408,https://leetcode.com/problems/valid-word-abbreviation,Valid Word Abbreviation,Easy,36.9%,25.0%
500,https://leetcode.com/problems/keyboard-row,Keyboard Row,Easy,72.6%,25.0%
539,https://leetcode.com/problems/minimum-time-difference,Minimum Time Difference,Medium,62.4%,25.0%
542,https://leetcode.com/problems/01-matrix,01 Matrix,Medium,51.7%,25.0%
556,https://leetcode.com/problems/next-greater-element-iii,Next Greater Element III,Medium,34.6%,25.0%
684,https://leetcode.com/problems/redundant-connection,Redundant Connection,Medium,66.5%,25.0%
744,https://leetcode.com/problems/find-smallest-letter-greater-than-target,Find Smallest Letter Greater Than Target,Easy,54.2%,25.0%
763,https://leetcode.com/problems/partition-labels,Partition Labels,Medium,81.6%,25.0%
781,https://leetcode.com/problems/rabbits-in-forest,Rabbits in Forest,Medium,58.2%,25.0%
809,https://leetcode.com/problems/expressive-words,Expressive Words,Medium,46.4%,25.0%
841,https://leetcode.com/problems/keys-and-rooms,Keys and Rooms,Medium,74.8%,25.0%
846,https://leetcode.com/problems/hand-of-straights,Hand of Straights,Medium,57.2%,25.0%
881,https://leetcode.com/problems/boats-to-save-people,Boats to Save People,Medium,60.5%,25.0%
950,https://leetcode.com/problems/reveal-cards-in-increasing-order,Reveal Cards In Increasing Order,Medium,83.3%,25.0%
1028,https://leetcode.com/problems/recover-a-tree-from-preorder-traversal,Recover a Tree From Preorder Traversal,Hard,83.3%,25.0%
1089,https://leetcode.com/problems/duplicate-zeros,Duplicate Zeros,Easy,52.8%,25.0%
1108,https://leetcode.com/problems/defanging-an-ip-address,Defanging an IP Address,Easy,89.7%,25.0%
1146,https://leetcode.com/problems/snapshot-array,Snapshot Array,Medium,36.7%,25.0%
1174,https://leetcode.com/problems/immediate-food-delivery-ii,Immediate Food Delivery II,Medium,54.4%,25.0%
1218,https://leetcode.com/problems/longest-arithmetic-subsequence-of-given-difference,Longest Arithmetic Subsequence of Given Difference,Medium,54.4%,25.0%
1248,https://leetcode.com/problems/count-number-of-nice-subarrays,Count Number of Nice Subarrays,Medium,73.5%,25.0%
1249,https://leetcode.com/problems/minimum-remove-to-make-valid-parentheses,Minimum Remove to Make Valid Parentheses,Medium,70.8%,25.0%
1268,https://leetcode.com/problems/search-suggestions-system,Search Suggestions System,Medium,65.1%,25.0%
1280,https://leetcode.com/problems/students-and-examinations,Students and Examinations,Easy,60.4%,25.0%
1293,https://leetcode.com/problems/shortest-path-in-a-grid-with-obstacles-elimination,Shortest Path in a Grid with Obstacles Elimination,Hard,45.7%,25.0%
1326,https://leetcode.com/problems/minimum-number-of-taps-to-open-to-water-a-garden,Minimum Number of Taps to Open to Water a Garden,Hard,50.7%,25.0%
1394,https://leetcode.com/problems/find-lucky-integer-in-an-array,Find Lucky Integer in an Array,Easy,75.4%,25.0%
1406,https://leetcode.com/problems/stone-game-iii,Stone Game III,Hard,63.2%,25.0%
1422,https://leetcode.com/problems/maximum-score-after-splitting-a-string,Maximum Score After Splitting a String,Easy,65.1%,25.0%
1431,https://leetcode.com/problems/kids-with-the-greatest-number-of-candies,Kids With the Greatest Number of Candies,Easy,88.1%,25.0%
1438,https://leetcode.com/problems/longest-continuous-subarray-with-absolute-diff-less-than-or-equal-to-limit,Longest Continuous Subarray With Absolute Diff Less Than or Equal to Limit,Medium,56.8%,25.0%
1498,https://leetcode.com/problems/number-of-subsequences-that-satisfy-the-given-sum-condition,Number of Subsequences That Satisfy the Given Sum Condition,Medium,49.7%,25.0%
1534,https://leetcode.com/problems/count-good-triplets,Count Good Triplets,Easy,85.5%,25.0%
1581,https://leetcode.com/problems/customer-who-visited-but-did-not-make-any-transactions,Customer Who Visited but Did Not Make Any Transactions,Easy,67.4%,25.0%
1636,https://leetcode.com/problems/sort-array-by-increasing-frequency,Sort Array by Increasing Frequency,Easy,80.3%,25.0%
1669,https://leetcode.com/problems/merge-in-between-linked-lists,Merge In Between Linked Lists,Medium,82.4%,25.0%
1718,https://leetcode.com/problems/construct-the-lexicographically-largest-valid-sequence,Construct the Lexicographically Largest Valid Sequence,Medium,73.1%,25.0%
1721,https://leetcode.com/problems/swapping-nodes-in-a-linked-list,Swapping Nodes in a Linked List,Medium,68.5%,25.0%
1726,https://leetcode.com/problems/tuple-with-same-product,Tuple with Same Product,Medium,70.1%,25.0%
1749,https://leetcode.com/problems/maximum-absolute-sum-of-any-subarray,Maximum Absolute Sum of Any Subarray,Medium,71.5%,25.0%
1751,https://leetcode.com/problems/maximum-number-of-events-that-can-be-attended-ii,Maximum Number of Events That Can Be Attended II,Hard,64.0%,25.0%
1780,https://leetcode.com/problems/check-if-number-is-a-sum-of-powers-of-three,Check if Number is a Sum of Powers of Three,Medium,79.3%,25.0%
1800,https://leetcode.com/problems/maximum-ascending-subarray-sum,Maximum Ascending Subarray Sum,Easy,66.4%,25.0%
1834,https://leetcode.com/problems/single-threaded-cpu,Single-Threaded CPU,Medium,46.6%,25.0%
1873,https://leetcode.com/problems/calculate-special-bonus,Calculate Special Bonus,Easy,57.3%,25.0%
1910,https://leetcode.com/problems/remove-all-occurrences-of-a-substring,Remove All Occurrences of a Substring,Medium,78.1%,25.0%
1931,https://leetcode.com/problems/painting-a-grid-with-three-different-colors,Painting a Grid With Three Different Colors,Hard,78.4%,25.0%
1980,https://leetcode.com/problems/find-unique-binary-string,Find Unique Binary String,Medium,79.4%,25.0%
2014,https://leetcode.com/problems/longest-subsequence-repeated-k-times,Longest Subsequence Repeated k Times,Hard,71.6%,25.0%
2016,https://leetcode.com/problems/maximum-difference-between-increasing-elements,Maximum Difference Between Increasing Elements,Easy,66.2%,25.0%
2069,https://leetcode.com/problems/walking-robot-simulation-ii,Walking Robot Simulation II,Medium,25.1%,25.0%
2081,https://leetcode.com/problems/sum-of-k-mirror-numbers,Sum of k-Mirror Numbers,Hard,63.8%,25.0%
2099,https://leetcode.com/problems/find-subsequence-of-length-k-with-the-largest-sum,Find Subsequence of Length K With the Largest Sum,Easy,57.5%,25.0%
2101,https://leetcode.com/problems/detonate-the-maximum-bombs,Detonate the Maximum Bombs,Medium,49.3%,25.0%
2127,https://leetcode.com/problems/maximum-employees-to-be-invited-to-a-meeting,Maximum Employees to Be Invited to a Meeting,Hard,62.0%,25.0%
2130,https://leetcode.com/problems/maximum-twin-sum-of-a-linked-list,Maximum Twin Sum of a Linked List,Medium,81.5%,25.0%
2131,https://leetcode.com/problems/longest-palindrome-by-concatenating-two-letter-words,Longest Palindrome by Concatenating Two Letter Words,Medium,53.7%,25.0%
2176,https://leetcode.com/problems/count-equal-and-divisible-pairs-in-an-array,Count Equal and Divisible Pairs in an Array,Easy,84.1%,25.0%
2184,https://leetcode.com/problems/number-of-ways-to-build-sturdy-brick-wall,Number of Ways to Build Sturdy Brick Wall,Medium,49.5%,25.0%
2200,https://leetcode.com/problems/find-all-k-distant-indices-in-an-array,Find All K-Distant Indices in an Array,Easy,77.4%,25.0%
2215,https://leetcode.com/problems/find-the-difference-of-two-arrays,Find the Difference of Two Arrays,Easy,80.9%,25.0%
2226,https://leetcode.com/problems/maximum-candies-allocated-to-k-children,Maximum Candies Allocated to K Children,Medium,50.1%,25.0%
2338,https://leetcode.com/problems/count-the-number-of-ideal-arrays,Count the Number of Ideal Arrays,Hard,57.1%,25.0%
2342,https://leetcode.com/problems/max-sum-of-a-pair-with-equal-sum-of-digits,Max Sum of a Pair With Equal Sum of Digits,Medium,66.0%,25.0%
2366,https://leetcode.com/problems/minimum-replacements-to-sort-the-array,Minimum Replacements to Sort the Array,Hard,53.2%,25.0%
2401,https://leetcode.com/problems/longest-nice-subarray,Longest Nice Subarray,Medium,64.8%,25.0%
2427,https://leetcode.com/problems/number-of-common-factors,Number of Common Factors,Easy,79.6%,25.0%
2444,https://leetcode.com/problems/count-subarrays-with-fixed-bounds,Count Subarrays With Fixed Bounds,Hard,69.4%,25.0%
2460,https://leetcode.com/problems/apply-operations-to-an-array,Apply Operations to an Array,Easy,74.8%,25.0%
2563,https://leetcode.com/problems/count-the-number-of-fair-pairs,Count the Number of Fair Pairs,Medium,52.9%,25.0%
2570,https://leetcode.com/problems/merge-two-2d-arrays-by-summing-values,Merge Two 2D Arrays by Summing Values,Easy,82.0%,25.0%
2572,https://leetcode.com/problems/count-the-number-of-square-free-subsets,Count the Number of Square-Free Subsets,Medium,25.3%,25.0%
2616,https://leetcode.com/problems/minimize-the-maximum-difference-of-pairs,Minimize the Maximum Difference of Pairs,Medium,50.9%,25.0%
2657,https://leetcode.com/problems/find-the-prefix-common-array-of-two-arrays,Find the Prefix Common Array of Two Arrays,Medium,87.0%,25.0%
2661,https://leetcode.com/problems/first-completely-painted-row-or-column,First Completely Painted Row or Column,Medium,63.9%,25.0%
2723,https://leetcode.com/problems/add-two-promises,Add Two Promises,Easy,91.8%,25.0%
2799,https://leetcode.com/problems/count-complete-subarrays-in-an-array,Count Complete Subarrays in an Array,Medium,75.8%,25.0%
2818,https://leetcode.com/problems/apply-operations-to-maximize-score,Apply Operations to Maximize Score,Hard,54.0%,25.0%
2843,https://leetcode.com/problems/count-symmetric-integers,Count Symmetric Integers,Easy,83.1%,25.0%
2874,https://leetcode.com/problems/maximum-value-of-an-ordered-triplet-ii,Maximum Value of an Ordered Triplet II,Medium,56.6%,25.0%
2918,https://leetcode.com/problems/minimum-equal-sum-of-two-arrays-after-replacing-zeros,Minimum Equal Sum of Two Arrays After Replacing Zeros,Medium,50.2%,25.0%
2929,https://leetcode.com/problems/distribute-candies-among-children-ii,Distribute Candies Among Children II,Medium,56.0%,25.0%
2942,https://leetcode.com/problems/find-words-containing-character,Find Words Containing Character,Easy,90.6%,25.0%
2962,https://leetcode.com/problems/count-subarrays-where-max-element-appears-at-least-k-times,Count Subarrays Where Max Element Appears at Least K Times,Medium,62.5%,25.0%
2966,https://leetcode.com/problems/divide-array-into-arrays-with-max-difference,Divide Array Into Arrays With Max Difference,Medium,78.7%,25.0%
2999,https://leetcode.com/problems/count-the-number-of-powerful-integers,Count the Number of Powerful Integers,Hard,46.5%,25.0%
3108,https://leetcode.com/problems/minimum-cost-walk-in-weighted-graph,Minimum Cost Walk in Weighted Graph,Hard,68.5%,25.0%
3149,https://leetcode.com/problems/find-the-minimum-cost-array-permutation,Find the Minimum Cost Array Permutation,Hard,23.8%,25.0%
3160,https://leetcode.com/problems/find-the-number-of-distinct-colors-among-the-balls,Find the Number of Distinct Colors Among the Balls,Medium,54.2%,25.0%
3170,https://leetcode.com/problems/lexicographically-minimum-string-after-removing-stars,Lexicographically Minimum String After Removing Stars,Medium,50.9%,25.0%
3174,https://leetcode.com/problems/clear-digits,Clear Digits,Easy,82.5%,25.0%
3191,https://leetcode.com/problems/minimum-operations-to-make-binary-array-elements-equal-to-one-i,Minimum Operations to Make Binary Array Elements Equal to One I,Medium,80.5%,25.0%
3208,https://leetcode.com/problems/alternating-groups-ii,Alternating Groups II,Medium,59.9%,25.0%
3303,https://leetcode.com/problems/find-the-occurrence-of-first-almost-equal-substring,Find the Occurrence of First Almost Equal Substring,Hard,14.0%,25.0%
3304,https://leetcode.com/problems/find-the-k-th-character-in-string-game-i,Find the K-th Character in String Game I,Easy,81.7%,25.0%
3307,https://leetcode.com/problems/find-the-k-th-character-in-string-game-ii,Find the K-th Character in String Game II,Hard,48.8%,25.0%
3330,https://leetcode.com/problems/find-the-original-typed-string-i,Find the Original Typed String I,Easy,72.0%,25.0%
3333,https://leetcode.com/problems/find-the-original-typed-string-ii,Find the Original Typed String II,Hard,46.4%,25.0%
3341,https://leetcode.com/problems/find-minimum-time-to-reach-last-room-i,Find Minimum Time to Reach Last Room I,Medium,55.7%,25.0%
3343,https://leetcode.com/problems/count-number-of-balanced-permutations,Count Number of Balanced Permutations,Hard,49.4%,25.0%
3373,https://leetcode.com/problems/maximize-the-number-of-target-nodes-after-connecting-trees-ii,Maximize the Number of Target Nodes After Connecting Trees II,Hard,73.2%,25.0%
3375,https://leetcode.com/problems/minimum-operations-to-make-array-values-equal-to-k,Minimum Operations to Make Array Values Equal to K,Easy,73.4%,25.0%
3394,https://leetcode.com/problems/check-if-grid-can-be-cut-into-sections,Check if Grid can be Cut into Sections,Medium,68.4%,25.0%
3403,https://leetcode.com/problems/find-the-lexicographically-largest-string-from-the-box-i,Find the Lexicographically Largest String From the Box I,Medium,41.1%,25.0%
3419,https://leetcode.com/problems/minimize-the-maximum-edge-weight-of-graph,Minimize the Maximum Edge Weight of Graph,Medium,42.9%,25.0%
3593,https://leetcode.com/problems/minimum-increments-to-equalize-leaf-paths,Minimum Increments to Equalize Leaf Paths,Medium,40.7%,25.0%
1665,https://leetcode.com/problems/minimum-initial-energy-to-finish-tasks,Minimum Initial Energy to Finish Tasks,Hard,76.4%,22.5%
2553,https://leetcode.com/problems/separate-the-digits-in-an-array,Separate the Digits in an Array,Easy,85.8%,22.5%
2784,https://leetcode.com/problems/check-if-array-is-good,Check if Array is Good,Easy,57.3%,22.5%
3660,https://leetcode.com/problems/jump-game-ix,Jump Game IX,Medium,46.2%,22.5%
30,https://leetcode.com/problems/substring-with-concatenation-of-all-words,Substring with Concatenation of All Words,Hard,34.3%,22.1%
38,https://leetcode.com/problems/count-and-say,Count and Say,Medium,62.7%,22.1%
40,https://leetcode.com/problems/combination-sum-ii,Combination Sum II,Medium,59.3%,22.1%
47,https://leetcode.com/problems/permutations-ii,Permutations II,Medium,63.3%,22.1%
61,https://leetcode.com/problems/rotate-list,Rotate List,Medium,41.6%,22.1%
77,https://leetcode.com/problems/combinations,Combinations,Medium,74.5%,22.1%
86,https://leetcode.com/problems/partition-list,Partition List,Medium,61.0%,22.1%
92,https://leetcode.com/problems/reverse-linked-list-ii,Reverse Linked List II,Medium,51.4%,22.1%
97,https://leetcode.com/problems/interleaving-string,Interleaving String,Medium,43.9%,22.1%
101,https://leetcode.com/problems/symmetric-tree,Symmetric Tree,Easy,61.1%,22.1%
105,https://leetcode.com/problems/construct-binary-tree-from-preorder-and-inorder-traversal,Construct Binary Tree from Preorder and Inorder Traversal,Medium,68.7%,22.1%
108,https://leetcode.com/problems/convert-sorted-array-to-binary-search-tree,Convert Sorted Array to Binary Search Tree,Easy,75.5%,22.1%
113,https://leetcode.com/problems/path-sum-ii,Path Sum II,Medium,62.1%,22.1%
138,https://leetcode.com/problems/copy-list-with-random-pointer,Copy List with Random Pointer,Medium,62.7%,22.1%
148,https://leetcode.com/problems/sort-list,Sort List,Medium,64.3%,22.1%
177,https://leetcode.com/problems/nth-highest-salary,Nth Highest Salary,Medium,39.1%,22.1%
178,https://leetcode.com/problems/rank-scores,Rank Scores,Medium,67.6%,22.1%
193,https://leetcode.com/problems/valid-phone-numbers,Valid Phone Numbers,Easy,29.5%,22.1%
212,https://leetcode.com/problems/word-search-ii,Word Search II,Hard,38.4%,22.1%
214,https://leetcode.com/problems/shortest-palindrome,Shortest Palindrome,Hard,42.4%,22.1%
225,https://leetcode.com/problems/implement-stack-using-queues,Implement Stack using Queues,Easy,69.8%,22.1%
315,https://leetcode.com/problems/count-of-smaller-numbers-after-self,Count of Smaller Numbers After Self,Hard,43.5%,22.1%
362,https://leetcode.com/problems/design-hit-counter,Design Hit Counter,Medium,69.7%,22.1%
367,https://leetcode.com/problems/valid-perfect-square,Valid Perfect Square,Easy,44.8%,22.1%
377,https://leetcode.com/problems/combination-sum-iv,Combination Sum IV,Medium,55.1%,22.1%
459,https://leetcode.com/problems/repeated-substring-pattern,Repeated Substring Pattern,Easy,48.1%,22.1%
494,https://leetcode.com/problems/target-sum,Target Sum,Medium,52.1%,22.1%
507,https://leetcode.com/problems/perfect-number,Perfect Number,Easy,48.6%,22.1%
550,https://leetcode.com/problems/game-play-analysis-iv,Game Play Analysis IV,Medium,41.1%,22.1%
581,https://leetcode.com/problems/shortest-unsorted-continuous-subarray,Shortest Unsorted Continuous Subarray,Medium,38.1%,22.1%
642,https://leetcode.com/problems/design-search-autocomplete-system,Design Search Autocomplete System,Hard,49.9%,22.1%
696,https://leetcode.com/problems/count-binary-substrings,Count Binary Substrings,Easy,70.4%,22.1%
701,https://leetcode.com/problems/insert-into-a-binary-search-tree,Insert into a Binary Search Tree,Medium,73.4%,22.1%
757,https://leetcode.com/problems/set-intersection-size-at-least-two,Set Intersection Size At Least Two,Hard,58.0%,22.1%
761,https://leetcode.com/problems/special-binary-string,Special Binary String,Hard,79.3%,22.1%
840,https://leetcode.com/problems/magic-squares-in-grid,Magic Squares In Grid,Medium,55.1%,22.1%
852,https://leetcode.com/problems/peak-index-in-a-mountain-array,Peak Index in a Mountain Array,Medium,66.9%,22.1%
868,https://leetcode.com/problems/binary-gap,Binary Gap,Easy,74.3%,22.1%
901,https://leetcode.com/problems/online-stock-span,Online Stock Span,Medium,69.0%,22.1%
907,https://leetcode.com/problems/sum-of-subarray-minimums,Sum of Subarray Minimums,Medium,38.5%,22.1%
934,https://leetcode.com/problems/shortest-bridge,Shortest Bridge,Medium,59.4%,22.1%
939,https://leetcode.com/problems/minimum-area-rectangle,Minimum Area Rectangle,Medium,55.4%,22.1%
962,https://leetcode.com/problems/maximum-width-ramp,Maximum Width Ramp,Medium,55.9%,22.1%
1008,https://leetcode.com/problems/construct-binary-search-tree-from-preorder-traversal,Construct Binary Search Tree from Preorder Traversal,Medium,84.2%,22.1%
1009,https://leetcode.com/problems/complement-of-base-10-integer,Complement of Base 10 Integer,Easy,63.4%,22.1%
1025,https://leetcode.com/problems/divisor-game,Divisor Game,Easy,71.8%,22.1%
1075,https://leetcode.com/problems/project-employees-i,Project Employees I,Easy,66.7%,22.1%
1091,https://leetcode.com/problems/shortest-path-in-binary-matrix,Shortest Path in Binary Matrix,Medium,51.4%,22.1%
1095,https://leetcode.com/problems/find-in-mountain-array,Find in Mountain Array,Hard,41.5%,22.1%
1161,https://leetcode.com/problems/maximum-level-sum-of-a-binary-tree,Maximum Level Sum of a Binary Tree,Medium,70.0%,22.1%
1164,https://leetcode.com/problems/product-price-at-a-given-date,Product Price at a Given Date,Medium,57.8%,22.1%
1262,https://leetcode.com/problems/greatest-sum-divisible-by-three,Greatest Sum Divisible by Three,Medium,57.0%,22.1%
1292,https://leetcode.com/problems/maximum-side-length-of-a-square-with-sum-less-than-or-equal-to-threshold,Maximum Side Length of a Square with Sum Less than or Equal to Threshold,Medium,65.4%,22.1%
1296,https://leetcode.com/problems/divide-array-in-sets-of-k-consecutive-numbers,Divide Array in Sets of K Consecutive Numbers,Medium,59.2%,22.1%
1368,https://leetcode.com/problems/minimum-cost-to-make-at-least-one-valid-path-in-a-grid,Minimum Cost to Make at Least One Valid Path in a Grid,Hard,70.9%,22.1%
1378,https://leetcode.com/problems/replace-employee-id-with-the-unique-identifier,Replace Employee ID With The Unique Identifier,Easy,83.5%,22.1%
1482,https://leetcode.com/problems/minimum-number-of-days-to-make-m-bouquets,Minimum Number of Days to Make m Bouquets,Medium,56.4%,22.1%
1539,https://leetcode.com/problems/kth-missing-positive-number,Kth Missing Positive Number,Easy,63.4%,22.1%
1603,https://leetcode.com/problems/design-parking-system,Design Parking System,Easy,87.2%,22.1%
1653,https://leetcode.com/problems/minimum-deletions-to-make-string-balanced,Minimum Deletions to Make String Balanced,Medium,68.2%,22.1%
1661,https://leetcode.com/problems/average-time-of-process-per-machine,Average Time of Process per Machine,Easy,66.8%,22.1%
1683,https://leetcode.com/problems/invalid-tweets,Invalid Tweets,Easy,85.2%,22.1%
1688,https://leetcode.com/problems/count-of-matches-in-tournament,Count of Matches in Tournament,Easy,86.4%,22.1%
1727,https://leetcode.com/problems/largest-submatrix-with-rearrangements,Largest Submatrix With Rearrangements,Medium,80.2%,22.1%
1888,https://leetcode.com/problems/minimum-number-of-flips-to-make-the-binary-string-alternating,Minimum Number of Flips to Make the Binary String Alternating,Medium,53.5%,22.1%
1970,https://leetcode.com/problems/last-day-where-you-can-still-cross,Last Day Where You Can Still Cross,Hard,68.7%,22.1%
2054,https://leetcode.com/problems/two-best-non-overlapping-events,Two Best Non-Overlapping Events,Medium,64.0%,22.1%
2092,https://leetcode.com/problems/find-all-people-with-secret,Find All People With Secret,Hard,48.4%,22.1%
2110,https://leetcode.com/problems/number-of-smooth-descent-periods-of-a-stock,Number of Smooth Descent Periods of a Stock,Medium,67.7%,22.1%
2141,https://leetcode.com/problems/maximum-running-time-of-n-computers,Maximum Running Time of N Computers,Hard,56.4%,22.1%
2296,https://leetcode.com/problems/design-a-text-editor,Design a Text Editor,Hard,50.4%,22.1%
2332,https://leetcode.com/problems/the-latest-time-to-catch-a-bus,The Latest Time to Catch a Bus,Medium,30.0%,22.1%
2396,https://leetcode.com/problems/strictly-palindromic-number,Strictly Palindromic Number,Medium,90.3%,22.1%
2534,https://leetcode.com/problems/time-taken-to-cross-the-door,Time Taken to Cross the Door,Hard,50.1%,22.1%
2975,https://leetcode.com/problems/maximum-square-area-by-removing-fences-from-a-field,Maximum Square Area by Removing Fences From a Field,Medium,49.4%,22.1%
3026,https://leetcode.com/problems/maximum-good-subarray-sum,Maximum Good Subarray Sum,Medium,21.7%,22.1%
3074,https://leetcode.com/problems/apple-redistribution-into-boxes,Apple Redistribution into Boxes,Easy,78.5%,22.1%
3129,https://leetcode.com/problems/find-all-possible-stable-binary-arrays-i,Find All Possible Stable Binary Arrays I,Medium,53.7%,22.1%
3228,https://leetcode.com/problems/maximum-number-of-operations-to-move-ones-to-the-end,Maximum Number of Operations to Move Ones to the End,Medium,67.1%,22.1%
3354,https://leetcode.com/problems/make-array-elements-equal-to-zero,Make Array Elements Equal to Zero,Easy,68.3%,22.1%
3370,https://leetcode.com/problems/smallest-number-with-all-set-bits,Smallest Number With All Set Bits,Easy,80.3%,22.1%
3474,https://leetcode.com/problems/lexicographically-smallest-generated-string,Lexicographically Smallest Generated String,Hard,53.5%,22.1%
3507,https://leetcode.com/problems/minimum-pair-removal-to-sort-array-i,Minimum Pair Removal to Sort Array I,Easy,65.2%,22.1%
3512,https://leetcode.com/problems/minimum-operations-to-make-array-sum-divisible-by-k,Minimum Operations to Make Array Sum Divisible by K,Easy,92.3%,22.1%
3542,https://leetcode.com/problems/minimum-operations-to-convert-all-elements-to-zero,Minimum Operations to Convert All Elements to Zero,Medium,53.0%,22.1%
3546,https://leetcode.com/problems/equal-sum-grid-partition-i,Equal Sum Grid Partition I,Medium,52.8%,22.1%
3583,https://leetcode.com/problems/count-special-triplets,Count Special Triplets,Medium,47.1%,22.1%
3600,https://leetcode.com/problems/maximize-spanning-tree-stability-with-upgrades,Maximize Spanning Tree Stability with Upgrades,Hard,66.4%,22.1%
3634,https://leetcode.com/problems/minimum-removals-to-balance-array,Minimum Removals to Balance Array,Medium,47.8%,22.1%
3651,https://leetcode.com/problems/minimum-cost-path-with-teleportations,Minimum Cost Path with Teleportations,Hard,45.6%,22.1%
3714,https://leetcode.com/problems/longest-balanced-substring-ii,Longest Balanced Substring II,Medium,42.0%,22.1%
3743,https://leetcode.com/problems/maximize-cyclic-partition-score,Maximize Cyclic Partition Score,Hard,13.2%,22.1%
3756,https://leetcode.com/problems/concatenate-non-zero-digits-and-multiply-by-sum-ii,Concatenate Non-Zero Digits and Multiply by Sum II,Medium,24.3%,22.1%
1321,https://leetcode.com/problems/restaurant-growth,Restaurant Growth,Medium,58.7%,18.0%
1559,https://leetcode.com/problems/detect-cycles-in-2d-grid,Detect Cycles in 2D Grid,Medium,63.3%,18.0%
1674,https://leetcode.com/problems/minimum-moves-to-make-array-complementary,Minimum Moves to Make Array Complementary,Medium,65.1%,18.0%
2540,https://leetcode.com/problems/minimum-common-value,Minimum Common Value,Easy,60.9%,18.0%
3464,https://leetcode.com/problems/maximize-the-distance-between-points-on-a-square,Maximize the Distance Between Points on a Square,Hard,51.1%,18.0%
3629,https://leetcode.com/problems/minimum-jumps-to-reach-end-via-prime-teleportation,Minimum Jumps to Reach End via Prime Teleportation,Medium,44.8%,18.0%
59,https://leetcode.com/problems/spiral-matrix-ii,Spiral Matrix II,Medium,74.9%,17.7%
89,https://leetcode.com/problems/gray-code,Gray Code,Medium,64.7%,17.7%
95,https://leetcode.com/problems/unique-binary-search-trees-ii,Unique Binary Search Trees II,Medium,62.3%,17.7%
115,https://leetcode.com/problems/distinct-subsequences,Distinct Subsequences,Hard,51.8%,17.7%
116,https://leetcode.com/problems/populating-next-right-pointers-in-each-node,Populating Next Right Pointers in Each Node,Medium,67.1%,17.7%
123,https://leetcode.com/problems/best-time-to-buy-and-sell-stock-iii,Best Time to Buy and Sell Stock III,Hard,53.6%,17.7%
126,https://leetcode.com/problems/word-ladder-ii,Word Ladder II,Hard,27.6%,17.7%
129,https://leetcode.com/problems/sum-root-to-leaf-numbers,Sum Root to Leaf Numbers,Medium,69.9%,17.7%
149,https://leetcode.com/problems/max-points-on-a-line,Max Points on a Line,Hard,30.6%,17.7%
166,https://leetcode.com/problems/fraction-to-recurring-decimal,Fraction to Recurring Decimal,Medium,30.8%,17.7%
199,https://leetcode.com/problems/binary-tree-right-side-view,Binary Tree Right Side View,Medium,70.0%,17.7%
213,https://leetcode.com/problems/house-robber-ii,House Robber II,Medium,44.8%,17.7%
216,https://leetcode.com/problems/combination-sum-iii,Combination Sum III,Medium,73.2%,17.7%
218,https://leetcode.com/problems/the-skyline-problem,The Skyline Problem,Hard,45.2%,17.7%
229,https://leetcode.com/problems/majority-element-ii,Majority Element II,Medium,56.1%,17.7%
269,https://leetcode.com/problems/alien-dictionary,Alien Dictionary,Hard,37.2%,17.7%
290,https://leetcode.com/problems/word-pattern,Word Pattern,Easy,44.0%,17.7%
292,https://leetcode.com/problems/nim-game,Nim Game,Easy,59.7%,17.7%
305,https://leetcode.com/problems/number-of-islands-ii,Number of Islands II,Hard,40.5%,17.7%
309,https://leetcode.com/problems/best-time-to-buy-and-sell-stock-with-cooldown,Best Time to Buy and Sell Stock with Cooldown,Medium,62.0%,17.7%
312,https://leetcode.com/problems/burst-balloons,Burst Balloons,Hard,63.3%,17.7%
316,https://leetcode.com/problems/remove-duplicate-letters,Remove Duplicate Letters,Medium,53.1%,17.7%
343,https://leetcode.com/problems/integer-break,Integer Break,Medium,62.2%,17.7%
351,https://leetcode.com/problems/android-unlock-patterns,Android Unlock Patterns,Medium,53.8%,17.7%
360,https://leetcode.com/problems/sort-transformed-array,Sort Transformed Array,Medium,58.1%,17.7%
368,https://leetcode.com/problems/largest-divisible-subset,Largest Divisible Subset,Medium,49.6%,17.7%
400,https://leetcode.com/problems/nth-digit,Nth Digit,Medium,38.0%,17.7%
401,https://leetcode.com/problems/binary-watch,Binary Watch,Easy,65.4%,17.7%
407,https://leetcode.com/problems/trapping-rain-water-ii,Trapping Rain Water II,Hard,64.1%,17.7%
413,https://leetcode.com/problems/arithmetic-slices,Arithmetic Slices,Medium,64.8%,17.7%
415,https://leetcode.com/problems/add-strings,Add Strings,Easy,52.1%,17.7%
428,https://leetcode.com/problems/serialize-and-deserialize-n-ary-tree,Serialize and Deserialize N-ary Tree,Hard,68.7%,17.7%
430,https://leetcode.com/problems/flatten-a-multilevel-doubly-linked-list,Flatten a Multilevel Doubly Linked List,Medium,62.8%,17.7%
451,https://leetcode.com/problems/sort-characters-by-frequency,Sort Characters By Frequency,Medium,75.3%,17.7%
465,https://leetcode.com/problems/optimal-account-balancing,Optimal Account Balancing,Hard,50.4%,17.7%
480,https://leetcode.com/problems/sliding-window-median,Sliding Window Median,Hard,39.0%,17.7%
486,https://leetcode.com/problems/predict-the-winner,Predict the Winner,Medium,56.2%,17.7%
493,https://leetcode.com/problems/reverse-pairs,Reverse Pairs,Hard,34.1%,17.7%
504,https://leetcode.com/problems/base-7,Base 7,Easy,54.4%,17.7%
543,https://leetcode.com/problems/diameter-of-binary-tree,Diameter of Binary Tree,Easy,65.4%,17.7%
561,https://leetcode.com/problems/array-partition,Array Partition,Easy,81.7%,17.7%
572,https://leetcode.com/problems/subtree-of-another-tree,Subtree of Another Tree,Easy,51.5%,17.7%
584,https://leetcode.com/problems/find-customer-referee,Find Customer Referee,Easy,72.8%,17.7%
585,https://leetcode.com/problems/investments-in-2016,Investments in 2016,Medium,51.0%,17.7%
586,https://leetcode.com/problems/customer-placing-the-largest-number-of-orders,Customer Placing the Largest Number of Orders,Easy,64.4%,17.7%
620,https://leetcode.com/problems/not-boring-movies,Not Boring Movies,Easy,75.1%,17.7%
633,https://leetcode.com/problems/sum-of-square-numbers,Sum of Square Numbers,Medium,36.8%,17.7%
669,https://leetcode.com/problems/trim-a-binary-search-tree,Trim a Binary Search Tree,Medium,66.7%,17.7%
690,https://leetcode.com/problems/employee-importance,Employee Importance,Medium,69.4%,17.7%
693,https://leetcode.com/problems/binary-number-with-alternating-bits,Binary Number with Alternating Bits,Easy,69.9%,17.7%
705,https://leetcode.com/problems/design-hashset,Design HashSet,Easy,68.0%,17.7%
707,https://leetcode.com/problems/design-linked-list,Design Linked List,Medium,30.2%,17.7%
731,https://leetcode.com/problems/my-calendar-ii,My Calendar II,Medium,63.0%,17.7%
733,https://leetcode.com/problems/flood-fill,Flood Fill,Easy,68.1%,17.7%
756,https://leetcode.com/problems/pyramid-transition-matrix,Pyramid Transition Matrix,Medium,60.6%,17.7%
762,https://leetcode.com/problems/prime-number-of-set-bits-in-binary-representation,Prime Number of Set Bits in Binary Representation,Easy,78.8%,17.7%
766,https://leetcode.com/problems/toeplitz-matrix,Toeplitz Matrix,Easy,69.7%,17.7%
792,https://leetcode.com/problems/number-of-matching-subsequences,Number of Matching Subsequences,Medium,50.6%,17.7%
796,https://leetcode.com/problems/rotate-string,Rotate String,Easy,65.4%,17.7%
802,https://leetcode.com/problems/find-eventual-safe-states,Find Eventual Safe States,Medium,70.6%,17.7%
853,https://leetcode.com/problems/car-fleet,Car Fleet,Medium,55.0%,17.7%
867,https://leetcode.com/problems/transpose-matrix,Transpose Matrix,Easy,76.2%,17.7%
871,https://leetcode.com/problems/minimum-number-of-refueling-stops,Minimum Number of Refueling Stops,Hard,41.3%,17.7%
896,https://leetcode.com/problems/monotonic-array,Monotonic Array,Easy,62.3%,17.7%
900,https://leetcode.com/problems/rle-iterator,RLE Iterator,Medium,59.2%,17.7%
921,https://leetcode.com/problems/minimum-add-to-make-parentheses-valid,Minimum Add to Make Parentheses Valid,Medium,74.4%,17.7%
941,https://leetcode.com/problems/valid-mountain-array,Valid Mountain Array,Easy,35.2%,17.7%
947,https://leetcode.com/problems/most-stones-removed-with-same-row-or-column,Most Stones Removed with Same Row or Column,Medium,62.9%,17.7%
956,https://leetcode.com/problems/tallest-billboard,Tallest Billboard,Hard,51.8%,17.7%
975,https://leetcode.com/problems/odd-even-jump,Odd Even Jump,Hard,41.2%,17.7%
986,https://leetcode.com/problems/interval-list-intersections,Interval List Intersections,Medium,73.0%,17.7%
987,https://leetcode.com/problems/vertical-order-traversal-of-a-binary-tree,Vertical Order Traversal of a Binary Tree,Hard,53.6%,17.7%
1019,https://leetcode.com/problems/next-greater-node-in-linked-list,Next Greater Node In Linked List,Medium,64.2%,17.7%
1022,https://leetcode.com/problems/sum-of-root-to-leaf-binary-numbers,Sum of Root To Leaf Binary Numbers,Easy,76.6%,17.7%
1047,https://leetcode.com/problems/remove-all-adjacent-duplicates-in-string,Remove All Adjacent Duplicates In String,Easy,73.1%,17.7%
1048,https://leetcode.com/problems/longest-string-chain,Longest String Chain,Medium,63.0%,17.7%
1244,https://leetcode.com/problems/design-a-leaderboard,Design A Leaderboard,Medium,68.1%,17.7%
1254,https://leetcode.com/problems/number-of-closed-islands,Number of Closed Islands,Medium,67.1%,17.7%
1266,https://leetcode.com/problems/minimum-time-visiting-all-points,Minimum Time Visiting All Points,Easy,84.8%,17.7%
1349,https://leetcode.com/problems/maximum-students-taking-exam,Maximum Students Taking Exam,Hard,53.7%,17.7%
1351,https://leetcode.com/problems/count-negative-numbers-in-a-sorted-matrix,Count Negative Numbers in a Sorted Matrix,Easy,79.6%,17.7%
1356,https://leetcode.com/problems/sort-integers-by-the-number-of-1-bits,Sort Integers by The Number of 1 Bits,Easy,82.3%,17.7%
1376,https://leetcode.com/problems/time-needed-to-inform-all-employees,Time Needed to Inform All Employees,Medium,60.5%,17.7%
1404,https://leetcode.com/problems/number-of-steps-to-reduce-a-number-in-binary-representation-to-one,Number of Steps to Reduce a Number in Binary Representation to One,Medium,63.7%,17.7%
1411,https://leetcode.com/problems/number-of-ways-to-paint-n-3-grid,Number of Ways to Paint N × 3 Grid,Hard,80.5%,17.7%
1413,https://leetcode.com/problems/minimum-value-to-get-positive-step-by-step-sum,Minimum Value to Get Positive Step by Step Sum,Easy,64.7%,17.7%
1458,https://leetcode.com/problems/max-dot-product-of-two-subsequences,Max Dot Product of Two Subsequences,Hard,69.3%,17.7%
1475,https://leetcode.com/problems/final-prices-with-a-special-discount-in-a-shop,Final Prices With a Special Discount in a Shop,Easy,84.1%,17.7%
1582,https://leetcode.com/problems/special-positions-in-a-binary-matrix,Special Positions in a Binary Matrix,Easy,72.6%,17.7%
1584,https://leetcode.com/problems/min-cost-to-connect-all-points,Min Cost to Connect All Points,Medium,70.8%,17.7%
1590,https://leetcode.com/problems/make-sum-divisible-by-p,Make Sum Divisible by P,Medium,42.6%,17.7%
1631,https://leetcode.com/problems/path-with-minimum-effort,Path With Minimum Effort,Medium,63.1%,17.7%
1680,https://leetcode.com/problems/concatenation-of-consecutive-binary-numbers,Concatenation of Consecutive Binary Numbers,Medium,66.6%,17.7%
1689,https://leetcode.com/problems/partitioning-into-minimum-number-of-deci-binary-numbers,Partitioning Into Minimum Number Of Deci-Binary Numbers,Medium,90.4%,17.7%
1732,https://leetcode.com/problems/find-the-highest-altitude,Find the Highest Altitude,Easy,83.9%,17.7%
1832,https://leetcode.com/problems/check-if-the-sentence-is-pangram,Check if the Sentence Is Pangram,Easy,84.2%,17.7%
1878,https://leetcode.com/problems/get-biggest-three-rhombus-sums-in-a-grid,Get Biggest Three Rhombus Sums in a Grid,Medium,71.4%,17.7%
1934,https://leetcode.com/problems/confirmation-rate,Confirmation Rate,Medium,61.9%,17.7%
1976,https://leetcode.com/problems/number-of-ways-to-arrive-at-destination,Number of Ways to Arrive at Destination,Medium,37.4%,17.7%
2011,https://leetcode.com/problems/final-value-of-variable-after-performing-operations,Final Value of Variable After Performing Operations,Easy,90.6%,17.7%
2013,https://leetcode.com/problems/detect-squares,Detect Squares,Medium,52.5%,17.7%
2062,https://leetcode.com/problems/count-vowel-substrings-of-a-string,Count Vowel Substrings of a String,Easy,73.1%,17.7%
2095,https://leetcode.com/problems/delete-the-middle-node-of-a-linked-list,Delete the Middle Node of a Linked List,Medium,59.5%,17.7%
2115,https://leetcode.com/problems/find-all-possible-recipes-from-given-supplies,Find All Possible Recipes from Given Supplies,Medium,56.9%,17.7%
2344,https://leetcode.com/problems/minimum-deletions-to-make-array-divisible,Minimum Deletions to Make Array Divisible,Hard,61.3%,17.7%
2402,https://leetcode.com/problems/meeting-rooms-iii,Meeting Rooms III,Hard,51.5%,17.7%
2413,https://leetcode.com/problems/smallest-even-multiple,Smallest Even Multiple,Easy,88.3%,17.7%
2423,https://leetcode.com/problems/remove-letter-to-equalize-frequency,Remove Letter To Equalize Frequency,Easy,19.3%,17.7%
2452,https://leetcode.com/problems/words-within-two-edits-of-dictionary,Words Within Two Edits of Dictionary,Medium,73.4%,17.7%
2461,https://leetcode.com/problems/maximum-sum-of-distinct-subarrays-with-length-k,Maximum Sum of Distinct Subarrays With Length K,Medium,43.0%,17.7%
2621,https://leetcode.com/problems/sleep,Sleep,Easy,87.4%,17.7%
2704,https://leetcode.com/problems/to-be-or-not-to-be,To Be Or Not To Be,Easy,63.3%,17.7%
2839,https://leetcode.com/problems/check-if-strings-can-be-made-equal-with-operations-i,Check if Strings Can be Made Equal With Operations I,Easy,61.9%,17.7%
2840,https://leetcode.com/problems/check-if-strings-can-be-made-equal-with-operations-ii,Check if Strings Can be Made Equal With Operations II,Medium,74.0%,17.7%
2976,https://leetcode.com/problems/minimum-cost-to-convert-string-i,Minimum Cost to Convert String I,Medium,63.2%,17.7%
3047,https://leetcode.com/problems/find-the-largest-area-of-square-inside-two-rectangles,Find the Largest Area of Square Inside Two Rectangles,Medium,66.9%,17.7%
3070,https://leetcode.com/problems/count-submatrices-with-top-left-element-and-sum-less-than-k,Count Submatrices with Top-Left Element and Sum Less Than k,Medium,74.8%,17.7%
3110,https://leetcode.com/problems/score-of-a-string,Score of a String,Easy,91.3%,17.7%
3190,https://leetcode.com/problems/find-minimum-operations-to-make-all-elements-divisible-by-three,Find Minimum Operations to Make All Elements Divisible by Three,Easy,90.8%,17.7%
3481,https://leetcode.com/problems/apply-substitutions,Apply Substitutions,Medium,77.4%,17.7%
3531,https://leetcode.com/problems/count-covered-buildings,Count Covered Buildings,Medium,58.8%,17.7%
3548,https://leetcode.com/problems/equal-sum-grid-partition-ii,Equal Sum Grid Partition II,Hard,39.4%,17.7%
3562,https://leetcode.com/problems/maximum-profit-from-trading-stocks-with-discounts,Maximum Profit from Trading Stocks with Discounts,Hard,56.7%,17.7%
3567,https://leetcode.com/problems/minimum-absolute-difference-in-sliding-submatrix,Minimum Absolute Difference in Sliding Submatrix,Medium,78.8%,17.7%
3607,https://leetcode.com/problems/power-grid-maintenance,Power Grid Maintenance,Medium,56.2%,17.7%
3625,https://leetcode.com/problems/count-number-of-trapezoids-ii,Count Number of Trapezoids II,Hard,40.0%,17.7%
3640,https://leetcode.com/problems/trionic-array-ii,Trionic Array II,Hard,47.3%,17.7%
3731,https://leetcode.com/problems/find-missing-elements,Find Missing Elements,Easy,83.0%,17.7%
3747,https://leetcode.com/problems/count-distinct-integers-after-removing-zeros,Count Distinct Integers After Removing Zeros,Medium,22.7%,17.7%
3783,https://leetcode.com/problems/mirror-distance-of-an-integer,Mirror Distance of an Integer,Easy,91.5%,17.7%
3815,https://leetcode.com/problems/design-auction-system,Design Auction System,Medium,42.1%,17.7%
3821,https://leetcode.com/problems/find-nth-smallest-integer-with-k-one-bits,Find Nth Smallest Integer With K One Bits,Hard,34.8%,17.7%
3875,https://leetcode.com/problems/construct-uniform-parity-array-i,Construct Uniform Parity Array I,Easy,76.2%,17.7%
3896,https://leetcode.com/problems/minimum-operations-to-transform-array-into-alternating-prime,Minimum Operations to Transform Array into Alternating Prime,Medium,53.0%,17.7%
65,https://leetcode.com/problems/valid-number,Valid Number,Hard,21.7%,12.5%
87,https://leetcode.com/problems/scramble-string,Scramble String,Hard,42.3%,12.5%
93,https://leetcode.com/problems/restore-ip-addresses,Restore IP Addresses,Medium,53.4%,12.5%
117,https://leetcode.com/problems/populating-next-right-pointers-in-each-node-ii,Populating Next Right Pointers in Each Node II,Medium,55.7%,12.5%
158,https://leetcode.com/problems/read-n-characters-given-read4-ii-call-multiple-times,Read N Characters Given read4 II - Call Multiple Times,Hard,42.9%,12.5%
164,https://leetcode.com/problems/maximum-gap,Maximum Gap,Medium,49.5%,12.5%
192,https://leetcode.com/problems/word-frequency,Word Frequency,Medium,27.3%,12.5%
241,https://leetcode.com/problems/different-ways-to-add-parentheses,Different Ways to Add Parentheses,Medium,72.4%,12.5%
274,https://leetcode.com/problems/h-index,H-Index,Medium,40.4%,12.5%
296,https://leetcode.com/problems/best-meeting-point,Best Meeting Point,Hard,61.2%,12.5%
299,https://leetcode.com/problems/bulls-and-cows,Bulls and Cows,Medium,51.5%,12.5%
310,https://leetcode.com/problems/minimum-height-trees,Minimum Height Trees,Medium,42.0%,12.5%
327,https://leetcode.com/problems/count-of-range-sum,Count of Range Sum,Hard,37.1%,12.5%
332,https://leetcode.com/problems/reconstruct-itinerary,Reconstruct Itinerary,Hard,43.7%,12.5%
336,https://leetcode.com/problems/palindrome-pairs,Palindrome Pairs,Hard,36.3%,12.5%
341,https://leetcode.com/problems/flatten-nested-list-iterator,Flatten Nested List Iterator,Medium,65.3%,12.5%
352,https://leetcode.com/problems/data-stream-as-disjoint-intervals,Data Stream as Disjoint Intervals,Hard,59.5%,12.5%
357,https://leetcode.com/problems/count-numbers-with-unique-digits,Count Numbers with Unique Digits,Medium,54.5%,12.5%
364,https://leetcode.com/problems/nested-list-weight-sum-ii,Nested List Weight Sum II,Medium,65.6%,12.5%
365,https://leetcode.com/problems/water-and-jug-problem,Water and Jug Problem,Medium,43.2%,12.5%
372,https://leetcode.com/problems/super-pow,Super Pow,Medium,35.6%,12.5%
374,https://leetcode.com/problems/guess-number-higher-or-lower,Guess Number Higher or Lower,Easy,55.9%,12.5%
378,https://leetcode.com/problems/kth-smallest-element-in-a-sorted-matrix,Kth Smallest Element in a Sorted Matrix,Medium,63.7%,12.5%
381,https://leetcode.com/problems/insert-delete-getrandom-o1-duplicates-allowed,Insert Delete GetRandom O(1) - Duplicates allowed,Hard,35.8%,12.5%
384,https://leetcode.com/problems/shuffle-an-array,Shuffle an Array,Medium,59.1%,12.5%
391,https://leetcode.com/problems/perfect-rectangle,Perfect Rectangle,Hard,35.4%,12.5%
393,https://leetcode.com/problems/utf-8-validation,UTF-8 Validation,Medium,45.5%,12.5%
396,https://leetcode.com/problems/rotate-function,Rotate Function,Medium,44.1%,12.5%
397,https://leetcode.com/problems/integer-replacement,Integer Replacement,Medium,36.6%,12.5%
403,https://leetcode.com/problems/frog-jump,Frog Jump,Hard,46.6%,12.5%
405,https://leetcode.com/problems/convert-a-number-to-hexadecimal,Convert a Number to Hexadecimal,Easy,51.0%,12.5%
419,https://leetcode.com/problems/battleships-in-a-board,Battleships in a Board,Medium,76.6%,12.5%
427,https://leetcode.com/problems/construct-quad-tree,Construct Quad Tree,Medium,77.2%,12.5%
432,https://leetcode.com/problems/all-oone-data-structure,All O'one Data Structure,Hard,44.1%,12.5%
433,https://leetcode.com/problems/minimum-genetic-mutation,Minimum Genetic Mutation,Medium,55.6%,12.5%
453,https://leetcode.com/problems/minimum-moves-to-equal-array-elements,Minimum Moves to Equal Array Elements,Medium,57.8%,12.5%
462,https://leetcode.com/problems/minimum-moves-to-equal-array-elements-ii,Minimum Moves to Equal Array Elements II,Medium,61.0%,12.5%
464,https://leetcode.com/problems/can-i-win,Can I Win,Medium,30.4%,12.5%
466,https://leetcode.com/problems/count-the-repetitions,Count The Repetitions,Hard,32.1%,12.5%
470,https://leetcode.com/problems/implement-rand10-using-rand7,Implement Rand10() Using Rand7(),Medium,45.9%,12.5%
489,https://leetcode.com/problems/robot-room-cleaner,Robot Room Cleaner,Hard,77.6%,12.5%
490,https://leetcode.com/problems/the-maze,The Maze,Medium,59.6%,12.5%
491,https://leetcode.com/problems/non-decreasing-subsequences,Non-decreasing Subsequences,Medium,61.7%,12.5%
517,https://leetcode.com/problems/super-washing-machines,Super Washing Machines,Hard,42.6%,12.5%
522,https://leetcode.com/problems/longest-uncommon-subsequence-ii,Longest Uncommon Subsequence II,Medium,43.2%,12.5%
523,https://leetcode.com/problems/continuous-subarray-sum,Continuous Subarray Sum,Medium,30.9%,12.5%
532,https://leetcode.com/problems/k-diff-pairs-in-an-array,K-diff Pairs in an Array,Medium,44.8%,12.5%
538,https://leetcode.com/problems/convert-bst-to-greater-tree,Convert BST to Greater Tree,Medium,70.6%,12.5%
552,https://leetcode.com/problems/student-attendance-record-ii,Student Attendance Record II,Hard,55.9%,12.5%
557,https://leetcode.com/problems/reverse-words-in-a-string-iii,Reverse Words in a String III,Easy,83.7%,12.5%
575,https://leetcode.com/problems/distribute-candies,Distribute Candies,Easy,69.7%,12.5%
583,https://leetcode.com/problems/delete-operation-for-two-strings,Delete Operation for Two Strings,Medium,64.0%,12.5%
588,https://leetcode.com/problems/design-in-memory-file-system,Design In-Memory File System,Hard,48.2%,12.5%
611,https://leetcode.com/problems/valid-triangle-number,Valid Triangle Number,Medium,52.5%,12.5%
628,https://leetcode.com/problems/maximum-product-of-three-numbers,Maximum Product of Three Numbers,Easy,45.4%,12.5%
629,https://leetcode.com/problems/k-inverse-pairs-array,K Inverse Pairs Array,Hard,49.0%,12.5%
631,https://leetcode.com/problems/design-excel-sum-formula,Design Excel Sum Formula,Hard,42.3%,12.5%
637,https://leetcode.com/problems/average-of-levels-in-binary-tree,Average of Levels in Binary Tree,Easy,74.2%,12.5%
650,https://leetcode.com/problems/2-keys-keyboard,2 Keys Keyboard,Medium,59.1%,12.5%
655,https://leetcode.com/problems/print-binary-tree,Print Binary Tree,Medium,65.7%,12.5%
657,https://leetcode.com/problems/robot-return-to-origin,Robot Return to Origin,Easy,76.2%,12.5%
673,https://leetcode.com/problems/number-of-longest-increasing-subsequence,Number of Longest Increasing Subsequence,Medium,50.1%,12.5%
674,https://leetcode.com/problems/longest-continuous-increasing-subsequence,Longest Continuous Increasing Subsequence,Easy,51.2%,12.5%
682,https://leetcode.com/problems/baseball-game,Baseball Game,Easy,79.0%,12.5%
685,https://leetcode.com/problems/redundant-connection-ii,Redundant Connection II,Hard,35.3%,12.5%
686,https://leetcode.com/problems/repeated-string-match,Repeated String Match,Medium,37.0%,12.5%
697,https://leetcode.com/problems/degree-of-an-array,Degree of an Array,Easy,57.5%,12.5%
702,https://leetcode.com/problems/search-in-a-sorted-array-of-unknown-size,Search in a Sorted Array of Unknown Size,Medium,72.8%,12.5%
706,https://leetcode.com/problems/design-hashmap,Design HashMap,Easy,65.9%,12.5%
708,https://leetcode.com/problems/insert-into-a-sorted-circular-linked-list,Insert into a Sorted Circular Linked List,Medium,38.2%,12.5%
709,https://leetcode.com/problems/to-lower-case,To Lower Case,Easy,84.2%,12.5%
713,https://leetcode.com/problems/subarray-product-less-than-k,Subarray Product Less Than K,Medium,53.0%,12.5%
718,https://leetcode.com/problems/maximum-length-of-repeated-subarray,Maximum Length of Repeated Subarray,Medium,51.0%,12.5%
722,https://leetcode.com/problems/remove-comments,Remove Comments,Medium,39.4%,12.5%
725,https://leetcode.com/problems/split-linked-list-in-parts,Split Linked List in Parts,Medium,70.2%,12.5%
745,https://leetcode.com/problems/prefix-and-suffix-search,Prefix and Suffix Search,Hard,40.5%,12.5%
747,https://leetcode.com/problems/largest-number-at-least-twice-of-others,Largest Number At Least Twice of Others,Easy,50.9%,12.5%
752,https://leetcode.com/problems/open-the-lock,Open the Lock,Medium,60.8%,12.5%
769,https://leetcode.com/problems/max-chunks-to-make-sorted,Max Chunks To Make Sorted,Medium,64.1%,12.5%
779,https://leetcode.com/problems/k-th-symbol-in-grammar,K-th Symbol in Grammar,Medium,47.5%,12.5%
788,https://leetcode.com/problems/rotated-digits,Rotated Digits,Medium,56.5%,12.5%
790,https://leetcode.com/problems/domino-and-tromino-tiling,Domino and Tromino Tiling,Medium,51.9%,12.5%
791,https://leetcode.com/problems/custom-sort-string,Custom Sort String,Medium,72.0%,12.5%
797,https://leetcode.com/problems/all-paths-from-source-to-target,All Paths From Source to Target,Medium,83.2%,12.5%
812,https://leetcode.com/problems/largest-triangle-area,Largest Triangle Area,Easy,62.2%,12.5%
819,https://leetcode.com/problems/most-common-word,Most Common Word,Easy,44.6%,12.5%
822,https://leetcode.com/problems/card-flipping-game,Card Flipping Game,Medium,48.4%,12.5%
832,https://leetcode.com/problems/flipping-an-image,Flipping an Image,Easy,83.0%,12.5%
838,https://leetcode.com/problems/push-dominoes,Push Dominoes,Medium,63.0%,12.5%
839,https://leetcode.com/problems/similar-string-groups,Similar String Groups,Hard,55.4%,12.5%
845,https://leetcode.com/problems/longest-mountain-in-array,Longest Mountain in Array,Medium,41.2%,12.5%
847,https://leetcode.com/problems/shortest-path-visiting-all-nodes,Shortest Path Visiting All Nodes,Hard,65.5%,12.5%
859,https://leetcode.com/problems/buddy-strings,Buddy Strings,Easy,33.7%,12.5%
873,https://leetcode.com/problems/length-of-longest-fibonacci-subsequence,Length of Longest Fibonacci Subsequence,Medium,57.6%,12.5%
877,https://leetcode.com/problems/stone-game,Stone Game,Medium,71.7%,12.5%
888,https://leetcode.com/problems/fair-candy-swap,Fair Candy Swap,Easy,63.4%,12.5%
889,https://leetcode.com/problems/construct-binary-tree-from-preorder-and-postorder-traversal,Construct Binary Tree from Preorder and Postorder Traversal,Medium,78.0%,12.5%
924,https://leetcode.com/problems/minimize-malware-spread,Minimize Malware Spread,Hard,42.5%,12.5%
925,https://leetcode.com/problems/long-pressed-name,Long Pressed Name,Easy,32.6%,12.5%
938,https://leetcode.com/problems/range-sum-of-bst,Range Sum of BST,Easy,87.5%,12.5%
943,https://leetcode.com/problems/find-the-shortest-superstring,Find the Shortest Superstring,Hard,44.4%,12.5%
951,https://leetcode.com/problems/flip-equivalent-binary-trees,Flip Equivalent Binary Trees,Medium,69.7%,12.5%
965,https://leetcode.com/problems/univalued-binary-tree,Univalued Binary Tree,Easy,72.2%,12.5%
973,https://leetcode.com/problems/k-closest-points-to-origin,K Closest Points to Origin,Medium,68.0%,12.5%
993,https://leetcode.com/problems/cousins-in-binary-tree,Cousins in Binary Tree,Easy,58.3%,12.5%
995,https://leetcode.com/problems/minimum-number-of-k-consecutive-bit-flips,Minimum Number of K Consecutive Bit Flips,Hard,62.2%,12.5%
996,https://leetcode.com/problems/number-of-squareful-arrays,Number of Squareful Arrays,Hard,50.5%,12.5%
1002,https://leetcode.com/problems/find-common-characters,Find Common Characters,Easy,74.6%,12.5%
1007,https://leetcode.com/problems/minimum-domino-rotations-for-equal-row,Minimum Domino Rotations For Equal Row,Medium,56.5%,12.5%
1010,https://leetcode.com/problems/pairs-of-songs-with-total-durations-divisible-by-60,Pairs of Songs With Total Durations Divisible by 60,Medium,53.3%,12.5%
1020,https://leetcode.com/problems/number-of-enclaves,Number of Enclaves,Medium,70.7%,12.5%
1035,https://leetcode.com/problems/uncrossed-lines,Uncrossed Lines,Medium,64.4%,12.5%
1043,https://leetcode.com/problems/partition-array-for-maximum-sum,Partition Array for Maximum Sum,Medium,77.1%,12.5%
1046,https://leetcode.com/problems/last-stone-weight,Last Stone Weight,Easy,66.0%,12.5%
1051,https://leetcode.com/problems/height-checker,Height Checker,Easy,81.2%,12.5%
1062,https://leetcode.com/problems/longest-repeating-substring,Longest Repeating Substring,Medium,63.1%,12.5%
1070,https://leetcode.com/problems/product-sales-analysis-iii,Product Sales Analysis III,Medium,44.7%,12.5%
1109,https://leetcode.com/problems/corporate-flight-bookings,Corporate Flight Bookings,Medium,64.6%,12.5%
1122,https://leetcode.com/problems/relative-sort-array,Relative Sort Array,Easy,74.9%,12.5%
1123,https://leetcode.com/problems/lowest-common-ancestor-of-deepest-leaves,Lowest Common Ancestor of Deepest Leaves,Medium,78.9%,12.5%
1130,https://leetcode.com/problems/minimum-cost-tree-from-leaf-values,Minimum Cost Tree From Leaf Values,Medium,67.7%,12.5%
1152,https://leetcode.com/problems/analyze-user-website-visit-pattern,Analyze User Website Visit Pattern,Medium,43.8%,12.5%
1165,https://leetcode.com/problems/single-row-keyboard,Single-Row Keyboard,Easy,87.7%,12.5%
1166,https://leetcode.com/problems/design-file-system,Design File System,Medium,64.2%,12.5%
1186,https://leetcode.com/problems/maximum-subarray-sum-with-one-deletion,Maximum Subarray Sum with One Deletion,Medium,45.2%,12.5%
1197,https://leetcode.com/problems/minimum-knight-moves,Minimum Knight Moves,Medium,41.4%,12.5%
1202,https://leetcode.com/problems/smallest-string-with-swaps,Smallest String With Swaps,Medium,59.5%,12.5%
1209,https://leetcode.com/problems/remove-all-adjacent-duplicates-in-string-ii,Remove All Adjacent Duplicates in String II,Medium,59.7%,12.5%
1211,https://leetcode.com/problems/queries-quality-and-percentage,Queries Quality and Percentage,Easy,48.7%,12.5%
1219,https://leetcode.com/problems/path-with-maximum-gold,Path with Maximum Gold,Medium,68.1%,12.5%
1242,https://leetcode.com/problems/web-crawler-multithreaded,Web Crawler Multithreaded,Medium,50.2%,12.5%
1247,https://leetcode.com/problems/minimum-swaps-to-make-strings-equal,Minimum Swaps to Make Strings Equal,Medium,64.8%,12.5%
1267,https://leetcode.com/problems/count-servers-that-communicate,Count Servers that Communicate,Medium,73.5%,12.5%
1272,https://leetcode.com/problems/remove-interval,Remove Interval,Medium,66.8%,12.5%
1281,https://leetcode.com/problems/subtract-the-product-and-sum-of-digits-of-an-integer,Subtract the Product and Sum of Digits of an Integer,Easy,86.6%,12.5%
1291,https://leetcode.com/problems/sequential-digits,Sequential Digits,Medium,65.3%,12.5%
1298,https://leetcode.com/problems/maximum-candies-you-can-get-from-boxes,Maximum Candies You Can Get from Boxes,Hard,68.7%,12.5%
1307,https://leetcode.com/problems/verbal-arithmetic-puzzle,Verbal Arithmetic Puzzle,Hard,34.8%,12.5%
1313,https://leetcode.com/problems/decompress-run-length-encoded-list,Decompress Run-Length Encoded List,Easy,86.1%,12.5%
1331,https://leetcode.com/problems/rank-transform-of-an-array,Rank Transform of an Array,Easy,70.7%,12.5%
1334,https://leetcode.com/problems/find-the-city-with-the-smallest-number-of-neighbors-at-a-threshold-distance,Find the City With the Smallest Number of Neighbors at a Threshold Distance,Medium,70.6%,12.5%
1337,https://leetcode.com/problems/the-k-weakest-rows-in-a-matrix,The K Weakest Rows in a Matrix,Easy,74.0%,12.5%
1341,https://leetcode.com/problems/movie-rating,Movie Rating,Medium,41.6%,12.5%
1360,https://leetcode.com/problems/number-of-days-between-two-dates,Number of Days Between Two Dates,Easy,51.5%,12.5%
1366,https://leetcode.com/problems/rank-teams-by-votes,Rank Teams by Votes,Medium,59.5%,12.5%
1383,https://leetcode.com/problems/maximum-performance-of-a-team,Maximum Performance of a Team,Hard,47.5%,12.5%
1396,https://leetcode.com/problems/design-underground-system,Design Underground System,Medium,74.1%,12.5%
1399,https://leetcode.com/problems/count-largest-group,Count Largest Group,Easy,75.0%,12.5%
1420,https://leetcode.com/problems/build-array-where-you-can-find-the-maximum-exactly-k-comparisons,Build Array Where You Can Find The Maximum Exactly K Comparisons,Hard,66.6%,12.5%
1442,https://leetcode.com/problems/count-triplets-that-can-form-two-arrays-of-equal-xor,Count Triplets That Can Form Two Arrays of Equal XOR,Medium,84.8%,12.5%
1462,https://leetcode.com/problems/course-schedule-iv,Course Schedule IV,Medium,59.6%,12.5%
1472,https://leetcode.com/problems/design-browser-history,Design Browser History,Medium,77.8%,12.5%
1496,https://leetcode.com/problems/path-crossing,Path Crossing,Easy,62.5%,12.5%
1497,https://leetcode.com/problems/check-if-array-pairs-are-divisible-by-k,Check If Array Pairs Are Divisible by k,Medium,46.2%,12.5%
1509,https://leetcode.com/problems/minimum-difference-between-largest-and-smallest-value-in-three-moves,Minimum Difference Between Largest and Smallest Value in Three Moves,Medium,59.2%,12.5%
1517,https://leetcode.com/problems/find-users-with-valid-e-mails,Find Users With Valid E-Mails,Easy,42.7%,12.5%
1524,https://leetcode.com/problems/number-of-sub-arrays-with-odd-sum,Number of Sub-arrays With Odd Sum,Medium,56.0%,12.5%
1537,https://leetcode.com/problems/get-the-maximum-score,Get the Maximum Score,Hard,40.1%,12.5%
1550,https://leetcode.com/problems/three-consecutive-odds,Three Consecutive Odds,Easy,69.6%,12.5%
1632,https://leetcode.com/problems/rank-transform-of-a-matrix,Rank Transform of a Matrix,Hard,41.5%,12.5%
1633,https://leetcode.com/problems/percentage-of-users-attended-a-contest,Percentage of Users Attended a Contest,Easy,59.0%,12.5%
1650,https://leetcode.com/problems/lowest-common-ancestor-of-a-binary-tree-iii,Lowest Common Ancestor of a Binary Tree III,Medium,82.5%,12.5%
1672,https://leetcode.com/problems/richest-customer-wealth,Richest Customer Wealth,Easy,88.6%,12.5%
1679,https://leetcode.com/problems/max-number-of-k-sum-pairs,Max Number of K-Sum Pairs,Medium,56.3%,12.5%
1690,https://leetcode.com/problems/stone-game-vii,Stone Game VII,Medium,58.4%,12.5%
1691,https://leetcode.com/problems/maximum-height-by-stacking-cuboids,Maximum Height by Stacking Cuboids,Hard,60.3%,12.5%
1710,https://leetcode.com/problems/maximum-units-on-a-truck,Maximum Units on a Truck,Easy,74.3%,12.5%
1716,https://leetcode.com/problems/calculate-money-in-leetcode-bank,Calculate Money in Leetcode Bank,Easy,78.5%,12.5%
1736,https://leetcode.com/problems/latest-time-by-replacing-hidden-digits,Latest Time by Replacing Hidden Digits,Easy,43.2%,12.5%
1748,https://leetcode.com/problems/sum-of-unique-elements,Sum of Unique Elements,Easy,79.1%,12.5%
1755,https://leetcode.com/problems/closest-subsequence-sum,Closest Subsequence Sum,Hard,41.9%,12.5%
1762,https://leetcode.com/problems/buildings-with-an-ocean-view,Buildings With an Ocean View,Medium,80.8%,12.5%
1773,https://leetcode.com/problems/count-items-matching-a-rule,Count Items Matching a Rule,Easy,85.0%,12.5%
1776,https://leetcode.com/problems/car-fleet-ii,Car Fleet II,Hard,56.6%,12.5%
1789,https://leetcode.com/problems/primary-department-for-each-employee,Primary Department for Each Employee,Easy,71.9%,12.5%
1790,https://leetcode.com/problems/check-if-one-string-swap-can-make-strings-equal,Check if One String Swap Can Make Strings Equal,Easy,49.5%,12.5%
1791,https://leetcode.com/problems/find-center-of-star-graph,Find Center of Star Graph,Easy,86.6%,12.5%
1802,https://leetcode.com/problems/maximum-value-at-a-given-index-in-a-bounded-array,Maximum Value at a Given Index in a Bounded Array,Medium,38.8%,12.5%
1827,https://leetcode.com/problems/minimum-operations-to-make-the-array-increasing,Minimum Operations to Make the Array Increasing,Easy,81.2%,12.5%
1828,https://leetcode.com/problems/queries-on-number-of-points-inside-a-circle,Queries on Number of Points Inside a Circle,Medium,86.5%,12.5%
1851,https://leetcode.com/problems/minimum-interval-to-include-each-query,Minimum Interval to Include Each Query,Hard,52.5%,12.5%
1854,https://leetcode.com/problems/maximum-population-year,Maximum Population Year,Easy,62.8%,12.5%
1861,https://leetcode.com/problems/rotating-the-box,Rotating the Box,Medium,79.1%,12.5%
1863,https://leetcode.com/problems/sum-of-all-subset-xor-totals,Sum of All Subset XOR Totals,Easy,90.1%,12.5%
1865,https://leetcode.com/problems/finding-pairs-with-a-certain-sum,Finding Pairs With a Certain Sum,Medium,61.8%,12.5%
1891,https://leetcode.com/problems/cutting-ribbons,Cutting Ribbons,Medium,52.7%,12.5%
1930,https://leetcode.com/problems/unique-length-3-palindromic-subsequences,Unique Length-3 Palindromic Subsequences,Medium,70.9%,12.5%
1992,https://leetcode.com/problems/find-all-groups-of-farmland,Find All Groups of Farmland,Medium,75.5%,12.5%
2000,https://leetcode.com/problems/reverse-prefix-of-word,Reverse Prefix of Word,Easy,86.4%,12.5%
2007,https://leetcode.com/problems/find-original-array-from-doubled-array,Find Original Array From Doubled Array,Medium,40.5%,12.5%
2017,https://leetcode.com/problems/grid-game,Grid Game,Medium,61.0%,12.5%
2024,https://leetcode.com/problems/maximize-the-confusion-of-an-exam,Maximize the Confusion of an Exam,Medium,68.8%,12.5%
2033,https://leetcode.com/problems/minimum-operations-to-make-a-uni-value-grid,Minimum Operations to Make a Uni-Value Grid,Medium,67.5%,12.5%
2045,https://leetcode.com/problems/second-minimum-time-to-reach-destination,Second Minimum Time to Reach Destination,Hard,62.5%,12.5%
2071,https://leetcode.com/problems/maximum-number-of-tasks-you-can-assign,Maximum Number of Tasks You Can Assign,Hard,50.6%,12.5%
2079,https://leetcode.com/problems/watering-plants,Watering Plants,Medium,80.0%,12.5%
2096,https://leetcode.com/problems/step-by-step-directions-from-a-binary-tree-node-to-another,Step-By-Step Directions From a Binary Tree Node to Another,Medium,56.3%,12.5%
2100,https://leetcode.com/problems/find-good-days-to-rob-the-bank,Find Good Days to Rob the Bank,Medium,50.4%,12.5%
2104,https://leetcode.com/problems/sum-of-subarray-ranges,Sum of Subarray Ranges,Medium,60.1%,12.5%
2138,https://leetcode.com/problems/divide-a-string-into-groups-of-size-k,Divide a String Into Groups of Size k,Easy,77.1%,12.5%
2145,https://leetcode.com/problems/count-the-hidden-sequences,Count the Hidden Sequences,Medium,56.7%,12.5%
2161,https://leetcode.com/problems/partition-array-according-to-given-pivot,Partition Array According to Given Pivot,Medium,89.9%,12.5%
2179,https://leetcode.com/problems/count-good-triplets-in-an-array,Count Good Triplets in an Array,Hard,66.0%,12.5%
2206,https://leetcode.com/problems/divide-array-into-equal-pairs,Divide Array Into Equal Pairs,Easy,79.3%,12.5%
2236,https://leetcode.com/problems/root-equals-sum-of-children,Root Equals Sum of Children,Easy,84.9%,12.5%
2239,https://leetcode.com/problems/find-closest-number-to-zero,Find Closest Number to Zero,Easy,47.3%,12.5%
2242,https://leetcode.com/problems/maximum-score-of-a-node-sequence,Maximum Score of a Node Sequence,Hard,39.1%,12.5%
2258,https://leetcode.com/problems/escape-the-spreading-fire,Escape the Spreading Fire,Hard,36.2%,12.5%
2259,https://leetcode.com/problems/remove-digit-from-number-to-maximize-result,Remove Digit From Number to Maximize Result,Easy,47.5%,12.5%
2270,https://leetcode.com/problems/number-of-ways-to-split-array,Number of Ways to Split Array,Medium,56.1%,12.5%
2284,https://leetcode.com/problems/sender-with-largest-word-count,Sender With Largest Word Count,Medium,58.5%,12.5%
2294,https://leetcode.com/problems/partition-array-such-that-maximum-difference-is-k,Partition Array Such That Maximum Difference Is K,Medium,81.8%,12.5%
2302,https://leetcode.com/problems/count-subarrays-with-score-less-than-k,Count Subarrays With Score Less Than K,Hard,62.4%,12.5%
2335,https://leetcode.com/problems/minimum-amount-of-time-to-fill-cups,Minimum Amount of Time to Fill Cups,Easy,59.1%,12.5%
2336,https://leetcode.com/problems/smallest-number-in-infinite-set,Smallest Number in Infinite Set,Medium,70.5%,12.5%
2359,https://leetcode.com/problems/find-closest-node-to-given-two-nodes,Find Closest Node to Given Two Nodes,Medium,52.8%,12.5%
2373,https://leetcode.com/problems/largest-local-values-in-a-matrix,Largest Local Values in a Matrix,Easy,87.8%,12.5%
2375,https://leetcode.com/problems/construct-smallest-number-from-di-string,Construct Smallest Number From DI String,Medium,85.8%,12.5%
2379,https://leetcode.com/problems/minimum-recolors-to-get-k-consecutive-black-blocks,Minimum Recolors to Get K Consecutive Black Blocks,Easy,68.4%,12.5%
2390,https://leetcode.com/problems/removing-stars-from-a-string,Removing Stars From a String,Medium,78.1%,12.5%
2404,https://leetcode.com/problems/most-frequent-even-element,Most Frequent Even Element,Easy,52.1%,12.5%
2418,https://leetcode.com/problems/sort-the-people,Sort the People,Easy,84.8%,12.5%
2425,https://leetcode.com/problems/bitwise-xor-of-all-pairings,Bitwise XOR of All Pairings,Medium,67.0%,12.5%
2429,https://leetcode.com/problems/minimize-xor,Minimize XOR,Medium,62.4%,12.5%
2441,https://leetcode.com/problems/largest-positive-integer-that-exists-with-its-negative,Largest Positive Integer That Exists With Its Negative,Easy,74.7%,12.5%
2469,https://leetcode.com/problems/convert-the-temperature,Convert the Temperature,Easy,90.1%,12.5%
2476,https://leetcode.com/problems/closest-nodes-queries-in-a-binary-search-tree,Closest Nodes Queries in a Binary Search Tree,Medium,42.9%,12.5%
2481,https://leetcode.com/problems/minimum-cuts-to-divide-a-circle,Minimum Cuts to Divide a Circle,Easy,55.2%,12.5%
2485,https://leetcode.com/problems/find-the-pivot-integer,Find the Pivot Integer,Easy,83.8%,12.5%
2487,https://leetcode.com/problems/remove-nodes-from-linked-list,Remove Nodes From Linked List,Medium,74.4%,12.5%
2492,https://leetcode.com/problems/minimum-score-of-a-path-between-two-cities,Minimum Score of a Path Between Two Cities,Medium,57.9%,12.5%
2493,https://leetcode.com/problems/divide-nodes-into-the-maximum-number-of-groups,Divide Nodes Into the Maximum Number of Groups,Hard,67.3%,12.5%
2500,https://leetcode.com/problems/delete-greatest-value-in-each-row,Delete Greatest Value in Each Row,Easy,79.1%,12.5%
2503,https://leetcode.com/problems/maximum-number-of-points-from-grid-queries,Maximum Number of Points From Grid Queries,Hard,59.5%,12.5%
2537,https://leetcode.com/problems/count-the-number-of-good-subarrays,Count the Number of Good Subarrays,Medium,66.0%,12.5%
2542,https://leetcode.com/problems/maximum-subsequence-score,Maximum Subsequence Score,Medium,54.3%,12.5%
2551,https://leetcode.com/problems/put-marbles-in-bags,Put Marbles in Bags,Hard,72.4%,12.5%
2573,https://leetcode.com/problems/find-the-string-with-lcp,Find the String with LCP,Hard,31.7%,12.5%
2575,https://leetcode.com/problems/find-the-divisibility-array-of-a-string,Find the Divisibility Array of a String,Medium,34.8%,12.5%
2579,https://leetcode.com/problems/count-total-number-of-colored-cells,Count Total Number of Colored Cells,Medium,66.2%,12.5%
2593,https://leetcode.com/problems/find-score-of-an-array-after-marking-all-elements,Find Score of an Array After Marking All Elements,Medium,64.5%,12.5%
2629,https://leetcode.com/problems/function-composition,Function Composition,Easy,87.0%,12.5%
2634,https://leetcode.com/problems/filter-elements-from-array,Filter Elements from Array,Easy,85.5%,12.5%
2641,https://leetcode.com/problems/cousins-in-binary-tree-ii,Cousins in Binary Tree II,Medium,75.4%,12.5%
2685,https://leetcode.com/problems/count-the-number-of-complete-components,Count the Number of Complete Components,Medium,77.7%,12.5%
2703,https://leetcode.com/problems/return-length-of-arguments-passed,Return Length of Arguments Passed,Easy,94.5%,12.5%
2731,https://leetcode.com/problems/movement-of-robots,Movement of Robots,Medium,27.2%,12.5%
2762,https://leetcode.com/problems/continuous-subarrays,Continuous Subarrays,Medium,58.0%,12.5%
2769,https://leetcode.com/problems/find-the-maximum-achievable-number,Find the Maximum Achievable Number,Easy,90.9%,12.5%
2771,https://leetcode.com/problems/longest-non-decreasing-subarray-from-two-arrays,Longest Non-decreasing Subarray From Two Arrays,Medium,29.9%,12.5%
2780,https://leetcode.com/problems/minimum-index-of-a-valid-split,Minimum Index of a Valid Split,Medium,75.5%,12.5%
2781,https://leetcode.com/problems/length-of-the-longest-valid-substring,Length of the Longest Valid Substring,Hard,37.8%,12.5%
2873,https://leetcode.com/problems/maximum-value-of-an-ordered-triplet-i,Maximum Value of an Ordered Triplet I,Easy,58.3%,12.5%
2878,https://leetcode.com/problems/get-the-size-of-a-dataframe,Get the Size of a DataFrame,Easy,85.2%,12.5%
2879,https://leetcode.com/problems/display-the-first-three-rows,Display the First Three Rows,Easy,93.1%,12.5%
2894,https://leetcode.com/problems/divisible-and-non-divisible-sums-difference,Divisible and Non-divisible Sums Difference,Easy,91.2%,12.5%
3066,https://leetcode.com/problems/minimum-operations-to-exceed-threshold-value-ii,Minimum Operations to Exceed Threshold Value II,Medium,45.8%,12.5%
3085,https://leetcode.com/problems/minimum-deletions-to-make-string-k-special,Minimum Deletions to Make String K-Special,Medium,67.1%,12.5%
3105,https://leetcode.com/problems/longest-strictly-increasing-or-strictly-decreasing-subarray,Longest Strictly Increasing or Strictly Decreasing Subarray,Easy,65.0%,12.5%
3133,https://leetcode.com/problems/minimum-array-end,Minimum Array End,Medium,55.5%,12.5%
3158,https://leetcode.com/problems/find-the-xor-of-numbers-which-appear-twice,Find the XOR of Numbers Which Appear Twice,Easy,77.8%,12.5%
3272,https://leetcode.com/problems/find-the-count-of-good-integers,Find the Count of Good Integers,Hard,69.7%,12.5%
3282,https://leetcode.com/problems/reach-end-of-array-with-max-score,Reach End of Array With Max Score,Medium,32.5%,12.5%
3335,https://leetcode.com/problems/total-characters-in-string-after-transformations-i,Total Characters in String After Transformations I,Medium,45.8%,12.5%
3337,https://leetcode.com/problems/total-characters-in-string-after-transformations-ii,Total Characters in String After Transformations II,Hard,58.2%,12.5%
3342,https://leetcode.com/problems/find-minimum-time-to-reach-last-room-ii,Find Minimum Time to Reach Last Room II,Medium,68.5%,12.5%
3346,https://leetcode.com/problems/maximum-frequency-of-an-element-after-performing-operations-i,Maximum Frequency of an Element After Performing Operations I,Medium,21.1%,12.5%
3351,https://leetcode.com/problems/sum-of-good-subsequences,Sum of Good Subsequences,Hard,29.8%,12.5%
3362,https://leetcode.com/problems/zero-array-transformation-iii,Zero Array Transformation III,Medium,55.2%,12.5%
3396,https://leetcode.com/problems/minimum-number-of-operations-to-make-elements-in-array-distinct,Minimum Number of Operations to Make Elements in Array Distinct,Easy,71.6%,12.5%
3404,https://leetcode.com/problems/count-special-subsequences,Count Special Subsequences,Medium,28.9%,12.5%
3408,https://leetcode.com/problems/design-task-manager,Design Task Manager,Medium,34.2%,12.5%
3410,https://leetcode.com/problems/maximize-subarray-sum-after-removing-all-occurrences-of-one-element,Maximize Subarray Sum After Removing All Occurrences of One Element,Hard,20.0%,12.5%
3420,https://leetcode.com/problems/count-non-decreasing-subarrays-after-k-operations,Count Non-Decreasing Subarrays After K Operations,Hard,21.2%,12.5%
3423,https://leetcode.com/problems/maximum-difference-between-adjacent-elements-in-a-circular-array,Maximum Difference Between Adjacent Elements in a Circular Array,Easy,75.9%,12.5%
3424,https://leetcode.com/problems/minimum-cost-to-make-arrays-identical,Minimum Cost to Make Arrays Identical,Medium,36.8%,12.5%
3426,https://leetcode.com/problems/manhattan-distances-of-all-arrangements-of-pieces,Manhattan Distances of All Arrangements of Pieces,Hard,33.1%,12.5%
3434,https://leetcode.com/problems/maximum-frequency-after-subarray-operation,Maximum Frequency After Subarray Operation,Medium,28.0%,12.5%
3442,https://leetcode.com/problems/maximum-difference-between-even-and-odd-frequency-i,Maximum Difference Between Even and Odd Frequency I,Easy,61.3%,12.5%
3445,https://leetcode.com/problems/maximum-difference-between-even-and-odd-frequency-ii,Maximum Difference Between Even and Odd Frequency II,Hard,49.1%,12.5%
3483,https://leetcode.com/problems/unique-3-digit-even-numbers,Unique 3-Digit Even Numbers,Easy,67.4%,12.5%
3486,https://leetcode.com/problems/longest-special-path-ii,Longest Special Path II,Hard,16.1%,12.5%
3489,https://leetcode.com/problems/zero-array-transformation-iv,Zero Array Transformation IV,Medium,29.8%,12.5%
3523,https://leetcode.com/problems/make-array-non-decreasing,Make Array Non-decreasing,Medium,54.9%,12.5%
3536,https://leetcode.com/problems/maximum-product-of-two-digits,Maximum Product of Two Digits,Easy,69.7%,12.5%
3538,https://leetcode.com/problems/merge-operations-for-minimum-travel-time,Merge Operations for Minimum Travel Time,Hard,27.6%,12.5%
3551,https://leetcode.com/problems/minimum-swaps-to-sort-by-digit-sum,Minimum Swaps to Sort by Digit Sum,Medium,50.5%,12.5%
3585,https://leetcode.com/problems/find-weighted-median-node-in-tree,Find Weighted Median Node in Tree,Hard,22.7%,12.5%
3588,https://leetcode.com/problems/find-maximum-area-of-a-triangle,Find Maximum Area of a Triangle,Medium,27.0%,12.5%
194,https://leetcode.com/problems/transpose-file,Transpose File,Medium,31.8%,12.3%
363,https://leetcode.com/problems/max-sum-of-rectangle-no-larger-than-k,Max Sum of Rectangle No Larger Than K,Hard,45.6%,12.3%
468,https://leetcode.com/problems/validate-ip-address,Validate IP Address,Medium,28.3%,12.3%
546,https://leetcode.com/problems/remove-boxes,Remove Boxes,Hard,49.4%,12.3%
607,https://leetcode.com/problems/sales-person,Sales Person,Easy,66.0%,12.3%
741,https://leetcode.com/problems/cherry-pickup,Cherry Pickup,Hard,39.5%,12.3%
850,https://leetcode.com/problems/rectangle-area-ii,Rectangle Area II,Hard,56.1%,12.3%
983,https://leetcode.com/problems/minimum-cost-for-tickets,Minimum Cost For Tickets,Medium,67.4%,12.3%
1049,https://leetcode.com/problems/last-stone-weight-ii,Last Stone Weight II,Medium,59.8%,12.3%
1050,https://leetcode.com/problems/actors-and-directors-who-cooperated-at-least-three-times,Actors and Directors Who Cooperated At Least Three Times,Easy,71.1%,12.3%
1154,https://leetcode.com/problems/day-of-the-year,Day of the Year,Easy,50.0%,12.3%
1233,https://leetcode.com/problems/remove-sub-folders-from-the-filesystem,Remove Sub-Folders from the Filesystem,Medium,78.6%,12.3%
1345,https://leetcode.com/problems/jump-game-iv,Jump Game IV,Hard,51.0%,12.3%
1391,https://leetcode.com/problems/check-if-there-is-a-valid-path-in-a-grid,Check if There is a Valid Path in a Grid,Medium,64.5%,12.3%
1448,https://leetcode.com/problems/count-good-nodes-in-binary-tree,Count Good Nodes in Binary Tree,Medium,73.9%,12.3%
1557,https://leetcode.com/problems/minimum-number-of-vertices-to-reach-all-nodes,Minimum Number of Vertices to Reach All Nodes,Medium,81.6%,12.3%
1729,https://leetcode.com/problems/find-followers-count,Find Followers Count,Easy,69.6%,12.3%
1914,https://leetcode.com/problems/cyclically-rotating-a-grid,Cyclically Rotating a Grid,Medium,74.1%,12.3%
2022,https://leetcode.com/problems/convert-1d-array-into-2d-array,Convert 1D Array Into 2D Array,Easy,72.2%,12.3%
2622,https://leetcode.com/problems/cache-with-time-limit,Cache With Time Limit,Medium,76.1%,12.3%
2772,https://leetcode.com/problems/apply-operations-to-make-all-array-elements-equal-to-zero,Apply Operations to Make All Array Elements Equal to Zero,Medium,33.4%,12.3%
2833,https://leetcode.com/problems/furthest-point-from-origin,Furthest Point From Origin,Easy,77.0%,12.3%
2880,https://leetcode.com/problems/select-data,Select Data,Easy,78.5%,12.3%
3285,https://leetcode.com/problems/find-indices-of-stable-mountains,Find Indices of Stable Mountains,Easy,87.0%,12.3%
3432,https://leetcode.com/problems/count-partitions-with-even-sum-difference,Count Partitions with Even Sum Difference,Easy,85.3%,12.3%
3932,https://leetcode.com/problems/count-k-th-roots-in-a-range,Count K-th Roots in a Range,Medium,23.3%,12.3%
63,https://leetcode.com/problems/unique-paths-ii,Unique Paths II,Medium,44.4%,12.0%
64,https://leetcode.com/problems/minimum-path-sum,Minimum Path Sum,Medium,68.1%,12.0%
82,https://leetcode.com/problems/remove-duplicates-from-sorted-list-ii,Remove Duplicates from Sorted List II,Medium,51.7%,12.0%
91,https://leetcode.com/problems/decode-ways,Decode Ways,Medium,37.9%,12.0%
109,https://leetcode.com/problems/convert-sorted-list-to-binary-search-tree,Convert Sorted List to Binary Search Tree,Medium,66.4%,12.0%
119,https://leetcode.com/problems/pascals-triangle-ii,Pascal's Triangle II,Easy,67.4%,12.0%
140,https://leetcode.com/problems/word-break-ii,Word Break II,Hard,55.4%,12.0%
144,https://leetcode.com/problems/binary-tree-preorder-traversal,Binary Tree Preorder Traversal,Easy,75.6%,12.0%
163,https://leetcode.com/problems/missing-ranges,Missing Ranges,Easy,35.7%,12.0%
171,https://leetcode.com/problems/excel-sheet-column-number,Excel Sheet Column Number,Easy,67.6%,12.0%
172,https://leetcode.com/problems/factorial-trailing-zeroes,Factorial Trailing Zeroes,Medium,46.6%,12.0%
173,https://leetcode.com/problems/binary-search-tree-iterator,Binary Search Tree Iterator,Medium,76.4%,12.0%
180,https://leetcode.com/problems/consecutive-numbers,Consecutive Numbers,Medium,48.2%,12.0%
191,https://leetcode.com/problems/number-of-1-bits,Number of 1 Bits,Easy,76.7%,12.0%
195,https://leetcode.com/problems/tenth-line,Tenth Line,Easy,36.6%,12.0%
208,https://leetcode.com/problems/implement-trie-prefix-tree,Implement Trie (Prefix Tree),Medium,69.4%,12.0%
220,https://leetcode.com/problems/contains-duplicate-iii,Contains Duplicate III,Hard,24.7%,12.0%
222,https://leetcode.com/problems/count-complete-tree-nodes,Count Complete Tree Nodes,Easy,72.4%,12.0%
223,https://leetcode.com/problems/rectangle-area,Rectangle Area,Medium,49.4%,12.0%
252,https://leetcode.com/problems/meeting-rooms,Meeting Rooms,Easy,59.4%,12.0%
260,https://leetcode.com/problems/single-number-iii,Single Number III,Medium,70.3%,12.0%
262,https://leetcode.com/problems/trips-and-users,Trips and Users,Hard,38.1%,12.0%
271,https://leetcode.com/problems/encode-and-decode-strings,Encode and Decode Strings,Medium,51.5%,12.0%
282,https://leetcode.com/problems/expression-add-operators,Expression Add Operators,Hard,43.1%,12.0%
286,https://leetcode.com/problems/walls-and-gates,Walls and Gates,Medium,63.9%,12.0%
297,https://leetcode.com/problems/serialize-and-deserialize-binary-tree,Serialize and Deserialize Binary Tree,Hard,60.6%,12.0%
301,https://leetcode.com/problems/remove-invalid-parentheses,Remove Invalid Parentheses,Hard,49.9%,12.0%
326,https://leetcode.com/problems/power-of-three,Power of Three,Easy,51.0%,12.0%
339,https://leetcode.com/problems/nested-list-weight-sum,Nested List Weight Sum,Medium,86.0%,12.0%
346,https://leetcode.com/problems/moving-average-from-data-stream,Moving Average from Data Stream,Easy,80.2%,12.0%
355,https://leetcode.com/problems/design-twitter,Design Twitter,Medium,44.5%,12.0%
382,https://leetcode.com/problems/linked-list-random-node,Linked List Random Node,Medium,64.8%,12.0%
388,https://leetcode.com/problems/longest-absolute-file-path,Longest Absolute File Path,Medium,49.4%,12.0%
395,https://leetcode.com/problems/longest-substring-with-at-least-k-repeating-characters,Longest Substring with At Least K Repeating Characters,Medium,46.2%,12.0%
404,https://leetcode.com/problems/sum-of-left-leaves,Sum of Left Leaves,Easy,62.6%,12.0%
406,https://leetcode.com/problems/queue-reconstruction-by-height,Queue Reconstruction by Height,Medium,74.7%,12.0%
409,https://leetcode.com/problems/longest-palindrome,Longest Palindrome,Easy,55.9%,12.0%
421,https://leetcode.com/problems/maximum-xor-of-two-numbers-in-an-array,Maximum XOR of Two Numbers in an Array,Medium,53.4%,12.0%
435,https://leetcode.com/problems/non-overlapping-intervals,Non-overlapping Intervals,Medium,57.0%,12.0%
440,https://leetcode.com/problems/k-th-smallest-in-lexicographical-order,K-th Smallest in Lexicographical Order,Hard,46.3%,12.0%
441,https://leetcode.com/problems/arranging-coins,Arranging Coins,Easy,48.1%,12.0%
445,https://leetcode.com/problems/add-two-numbers-ii,Add Two Numbers II,Medium,62.6%,12.0%
452,https://leetcode.com/problems/minimum-number-of-arrows-to-burst-balloons,Minimum Number of Arrows to Burst Balloons,Medium,61.4%,12.0%
454,https://leetcode.com/problems/4sum-ii,4Sum II,Medium,57.9%,12.0%
456,https://leetcode.com/problems/132-pattern,132 Pattern,Medium,34.7%,12.0%
461,https://leetcode.com/problems/hamming-distance,Hamming Distance,Easy,76.7%,12.0%
463,https://leetcode.com/problems/island-perimeter,Island Perimeter,Easy,74.4%,12.0%
474,https://leetcode.com/problems/ones-and-zeroes,Ones and Zeroes,Medium,53.3%,12.0%
492,https://leetcode.com/problems/construct-the-rectangle,Construct the Rectangle,Easy,63.6%,12.0%
495,https://leetcode.com/problems/teemo-attacking,Teemo Attacking,Easy,57.6%,12.0%
498,https://leetcode.com/problems/diagonal-traverse,Diagonal Traverse,Medium,67.1%,12.0%
502,https://leetcode.com/problems/ipo,IPO,Hard,53.5%,12.0%
506,https://leetcode.com/problems/relative-ranks,Relative Ranks,Easy,74.6%,12.0%
511,https://leetcode.com/problems/game-play-analysis-i,Game Play Analysis I,Easy,76.3%,12.0%
516,https://leetcode.com/problems/longest-palindromic-subsequence,Longest Palindromic Subsequence,Medium,65.3%,12.0%
520,https://leetcode.com/problems/detect-capital,Detect Capital,Easy,56.6%,12.0%
530,https://leetcode.com/problems/minimum-absolute-difference-in-bst,Minimum Absolute Difference in BST,Easy,59.3%,12.0%
594,https://leetcode.com/problems/longest-harmonious-subsequence,Longest Harmonious Subsequence,Easy,64.6%,12.0%
596,https://leetcode.com/problems/classes-with-at-least-5-students,Classes With at Least 5 Students,Easy,63.6%,12.0%
601,https://leetcode.com/problems/human-traffic-of-stadium,Human Traffic of Stadium,Hard,51.1%,12.0%
610,https://leetcode.com/problems/triangle-judgement,Triangle Judgement,Easy,74.7%,12.0%
624,https://leetcode.com/problems/maximum-distance-in-arrays,Maximum Distance in Arrays,Medium,45.6%,12.0%
626,https://leetcode.com/problems/exchange-seats,Exchange Seats,Medium,74.1%,12.0%
653,https://leetcode.com/problems/two-sum-iv-input-is-a-bst,Two Sum IV - Input is a BST,Easy,63.2%,12.0%
679,https://leetcode.com/problems/24-game,24 Game,Hard,59.5%,12.0%
688,https://leetcode.com/problems/knight-probability-in-chessboard,Knight Probability in Chessboard,Medium,57.0%,12.0%
692,https://leetcode.com/problems/top-k-frequent-words,Top K Frequent Words,Medium,60.1%,12.0%
695,https://leetcode.com/problems/max-area-of-island,Max Area of Island,Medium,73.9%,12.0%
698,https://leetcode.com/problems/partition-to-k-equal-sum-subsets,Partition to K Equal Sum Subsets,Medium,38.6%,12.0%
700,https://leetcode.com/problems/search-in-a-binary-search-tree,Search in a Binary Search Tree,Easy,82.6%,12.0%
717,https://leetcode.com/problems/1-bit-and-2-bit-characters,1-bit and 2-bit Characters,Easy,49.6%,12.0%
724,https://leetcode.com/problems/find-pivot-index,Find Pivot Index,Easy,62.5%,12.0%
729,https://leetcode.com/problems/my-calendar-i,My Calendar I,Medium,58.3%,12.0%
734,https://leetcode.com/problems/sentence-similarity,Sentence Similarity,Easy,44.8%,12.0%
736,https://leetcode.com/problems/parse-lisp-expression,Parse Lisp Expression,Hard,53.4%,12.0%
759,https://leetcode.com/problems/employee-free-time,Employee Free Time,Hard,72.8%,12.0%
771,https://leetcode.com/problems/jewels-and-stones,Jewels and Stones,Easy,89.5%,12.0%
772,https://leetcode.com/problems/basic-calculator-iii,Basic Calculator III,Hard,53.3%,12.0%
785,https://leetcode.com/problems/is-graph-bipartite,Is Graph Bipartite?,Medium,59.2%,12.0%
789,https://leetcode.com/problems/escape-the-ghosts,Escape The Ghosts,Medium,63.6%,12.0%
807,https://leetcode.com/problems/max-increase-to-keep-city-skyline,Max Increase to Keep City Skyline,Medium,86.4%,12.0%
818,https://leetcode.com/problems/race-car,Race Car,Hard,44.7%,12.0%
827,https://leetcode.com/problems/making-a-large-island,Making A Large Island,Hard,56.5%,12.0%
834,https://leetcode.com/problems/sum-of-distances-in-tree,Sum of Distances in Tree,Hard,65.6%,12.0%
856,https://leetcode.com/problems/score-of-parentheses,Score of Parentheses,Medium,63.6%,12.0%
860,https://leetcode.com/problems/lemonade-change,Lemonade Change,Easy,59.1%,12.0%
862,https://leetcode.com/problems/shortest-subarray-with-sum-at-least-k,Shortest Subarray with Sum at Least K,Hard,32.7%,12.0%
863,https://leetcode.com/problems/all-nodes-distance-k-in-binary-tree,All Nodes Distance K in Binary Tree,Medium,67.6%,12.0%
865,https://leetcode.com/problems/smallest-subtree-with-all-the-deepest-nodes,Smallest Subtree with all the Deepest Nodes,Medium,77.6%,12.0%
872,https://leetcode.com/problems/leaf-similar-trees,Leaf-Similar Trees,Easy,70.2%,12.0%
874,https://leetcode.com/problems/walking-robot-simulation,Walking Robot Simulation,Medium,64.6%,12.0%
890,https://leetcode.com/problems/find-and-replace-pattern,Find and Replace Pattern,Medium,77.0%,12.0%
905,https://leetcode.com/problems/sort-array-by-parity,Sort Array By Parity,Easy,76.5%,12.0%
909,https://leetcode.com/problems/snakes-and-ladders,Snakes and Ladders,Medium,48.1%,12.0%
914,https://leetcode.com/problems/x-of-a-kind-in-a-deck-of-cards,X of a Kind in a Deck of Cards,Easy,30.2%,12.0%
918,https://leetcode.com/problems/maximum-sum-circular-subarray,Maximum Sum Circular Subarray,Medium,49.9%,12.0%
922,https://leetcode.com/problems/sort-array-by-parity-ii,Sort Array By Parity II,Easy,71.3%,12.0%
948,https://leetcode.com/problems/bag-of-tokens,Bag of Tokens,Medium,59.6%,12.0%
953,https://leetcode.com/problems/verifying-an-alien-dictionary,Verifying an Alien Dictionary,Easy,55.9%,12.0%
978,https://leetcode.com/problems/longest-turbulent-subarray,Longest Turbulent Subarray,Medium,49.1%,12.0%
980,https://leetcode.com/problems/unique-paths-iii,Unique Paths III,Hard,82.8%,12.0%
999,https://leetcode.com/problems/available-captures-for-rook,Available Captures for Rook,Easy,71.7%,12.0%
1027,https://leetcode.com/problems/longest-arithmetic-subsequence,Longest Arithmetic Subsequence,Medium,49.9%,12.0%
1034,https://leetcode.com/problems/coloring-a-border,Coloring A Border,Medium,51.2%,12.0%
1068,https://leetcode.com/problems/product-sales-analysis-i,Product Sales Analysis I,Easy,85.7%,12.0%
1102,https://leetcode.com/problems/path-with-maximum-minimum-value,Path With Maximum Minimum Value,Medium,54.7%,12.0%
1110,https://leetcode.com/problems/delete-nodes-and-return-forest,Delete Nodes And Return Forest,Medium,72.5%,12.0%
1128,https://leetcode.com/problems/number-of-equivalent-domino-pairs,Number of Equivalent Domino Pairs,Easy,60.7%,12.0%
1158,https://leetcode.com/problems/market-analysis-i,Market Analysis I,Medium,57.3%,12.0%
1169,https://leetcode.com/problems/invalid-transactions,Invalid Transactions,Medium,32.2%,12.0%
1179,https://leetcode.com/problems/reformat-department-table,Reformat Department Table,Easy,76.3%,12.0%
1192,https://leetcode.com/problems/critical-connections-in-a-network,Critical Connections in a Network,Hard,59.5%,12.0%
1229,https://leetcode.com/problems/meeting-scheduler,Meeting Scheduler,Medium,55.2%,12.0%
1277,https://leetcode.com/problems/count-square-submatrices-with-all-ones,Count Square Submatrices with All Ones,Medium,80.7%,12.0%
1290,https://leetcode.com/problems/convert-binary-number-in-a-linked-list-to-integer,Convert Binary Number in a Linked List to Integer,Easy,82.3%,12.0%
1295,https://leetcode.com/problems/find-numbers-with-even-number-of-digits,Find Numbers with Even Number of Digits,Easy,79.7%,12.0%
1299,https://leetcode.com/problems/replace-elements-with-greatest-element-on-right-side,Replace Elements with Greatest Element on Right Side,Easy,72.1%,12.0%
1320,https://leetcode.com/problems/minimum-distance-to-type-a-word-using-two-fingers,Minimum Distance to Type a Word Using Two Fingers,Hard,72.3%,12.0%
1353,https://leetcode.com/problems/maximum-number-of-events-that-can-be-attended,Maximum Number of Events That Can Be Attended,Medium,39.0%,12.0%
1365,https://leetcode.com/problems/how-many-numbers-are-smaller-than-the-current-number,How Many Numbers Are Smaller Than the Current Number,Easy,87.4%,12.0%
1373,https://leetcode.com/problems/maximum-sum-bst-in-binary-tree,Maximum Sum BST in Binary Tree,Hard,47.1%,12.0%
1381,https://leetcode.com/problems/design-a-stack-with-increment-operation,Design a Stack With Increment Operation,Medium,79.9%,12.0%
1387,https://leetcode.com/problems/sort-integers-by-the-power-value,Sort Integers by The Power Value,Medium,71.7%,12.0%
1390,https://leetcode.com/problems/four-divisors,Four Divisors,Medium,56.6%,12.0%
1405,https://leetcode.com/problems/longest-happy-string,Longest Happy String,Medium,65.5%,12.0%
1423,https://leetcode.com/problems/maximum-points-you-can-obtain-from-cards,Maximum Points You Can Obtain from Cards,Medium,57.5%,12.0%
1483,https://leetcode.com/problems/kth-ancestor-of-a-tree-node,Kth Ancestor of a Tree Node,Hard,37.4%,12.0%
1489,https://leetcode.com/problems/find-critical-and-pseudo-critical-edges-in-minimum-spanning-tree,Find Critical and Pseudo-Critical Edges in Minimum Spanning Tree,Hard,66.4%,12.0%
1492,https://leetcode.com/problems/the-kth-factor-of-n,The kth Factor of n,Medium,70.3%,12.0%
1518,https://leetcode.com/problems/water-bottles,Water Bottles,Easy,72.6%,12.0%
1528,https://leetcode.com/problems/shuffle-string,Shuffle String,Easy,85.4%,12.0%
1547,https://leetcode.com/problems/minimum-cost-to-cut-a-stick,Minimum Cost to Cut a Stick,Hard,63.0%,12.0%
1572,https://leetcode.com/problems/matrix-diagonal-sum,Matrix Diagonal Sum,Easy,84.2%,12.0%
1574,https://leetcode.com/problems/shortest-subarray-to-be-removed-to-make-array-sorted,Shortest Subarray to be Removed to Make Array Sorted,Medium,51.3%,12.0%
1583,https://leetcode.com/problems/count-unhappy-friends,Count Unhappy Friends,Medium,62.5%,12.0%
1610,https://leetcode.com/problems/maximum-number-of-visible-points,Maximum Number of Visible Points,Hard,38.1%,12.0%
1637,https://leetcode.com/problems/widest-vertical-area-between-two-points-containing-no-points,Widest Vertical Area Between Two Points Containing No Points,Easy,87.1%,12.0%
1657,https://leetcode.com/problems/determine-if-two-strings-are-close,Determine if Two Strings Are Close,Medium,54.3%,12.0%
1658,https://leetcode.com/problems/minimum-operations-to-reduce-x-to-zero,Minimum Operations to Reduce X to Zero,Medium,40.5%,12.0%
1700,https://leetcode.com/problems/number-of-students-unable-to-eat-lunch,Number of Students Unable to Eat Lunch,Easy,79.5%,12.0%
1769,https://leetcode.com/problems/minimum-number-of-operations-to-move-all-balls-to-each-box,Minimum Number of Operations to Move All Balls to Each Box,Medium,90.1%,12.0%
1781,https://leetcode.com/problems/sum-of-beauty-of-all-substrings,Sum of Beauty of All Substrings,Medium,73.9%,12.0%
1784,https://leetcode.com/problems/check-if-binary-string-has-at-most-one-segment-of-ones,Check if Binary String Has at Most One Segment of Ones,Easy,49.1%,12.0%
1801,https://leetcode.com/problems/number-of-orders-in-the-backlog,Number of Orders in the Backlog,Medium,53.9%,12.0%
1855,https://leetcode.com/problems/maximum-distance-between-a-pair-of-values,Maximum Distance Between a Pair of Values,Medium,61.3%,12.0%
1859,https://leetcode.com/problems/sorting-the-sentence,Sorting the Sentence,Easy,84.1%,12.0%
1882,https://leetcode.com/problems/process-tasks-using-servers,Process Tasks Using Servers,Medium,41.9%,12.0%
1886,https://leetcode.com/problems/determine-whether-matrix-can-be-obtained-by-rotation,Determine Whether Matrix Can Be Obtained By Rotation,Easy,68.2%,12.0%
1895,https://leetcode.com/problems/largest-magic-square,Largest Magic Square,Medium,75.2%,12.0%
1901,https://leetcode.com/problems/find-a-peak-element-ii,Find a Peak Element II,Medium,54.7%,12.0%
1903,https://leetcode.com/problems/largest-odd-number-in-string,Largest Odd Number in String,Easy,67.3%,12.0%
1920,https://leetcode.com/problems/build-array-from-permutation,Build Array from Permutation,Easy,91.1%,12.0%
1949,https://leetcode.com/problems/strong-friendship,Strong Friendship,Medium,54.6%,12.0%
1978,https://leetcode.com/problems/employees-whose-manager-left-the-company,Employees Whose Manager Left the Company,Easy,48.7%,12.0%
1984,https://leetcode.com/problems/minimum-difference-between-highest-and-lowest-of-k-scores,Minimum Difference Between Highest and Lowest of K Scores,Easy,66.3%,12.0%
1996,https://leetcode.com/problems/the-number-of-weak-characters-in-the-game,The Number of Weak Characters in the Game,Medium,44.5%,12.0%
2009,https://leetcode.com/problems/minimum-number-of-operations-to-make-array-continuous,Minimum Number of Operations to Make Array Continuous,Hard,52.0%,12.0%
2043,https://leetcode.com/problems/simple-bank-system,Simple Bank System,Medium,69.7%,12.0%
2073,https://leetcode.com/problems/time-needed-to-buy-tickets,Time Needed to Buy Tickets,Easy,72.5%,12.0%
2075,https://leetcode.com/problems/decode-the-slanted-ciphertext,Decode the Slanted Ciphertext,Medium,67.6%,12.0%
2078,https://leetcode.com/problems/two-furthest-houses-with-different-colors,Two Furthest Houses With Different Colors,Easy,71.8%,12.0%
2090,https://leetcode.com/problems/k-radius-subarray-averages,K Radius Subarray Averages,Medium,46.2%,12.0%
2094,https://leetcode.com/problems/finding-3-digit-even-numbers,Finding 3-Digit Even Numbers,Easy,78.8%,12.0%
2154,https://leetcode.com/problems/keep-multiplying-found-values-by-two,Keep Multiplying Found Values by Two,Easy,75.0%,12.0%
2164,https://leetcode.com/problems/sort-even-and-odd-indices-independently,Sort Even and Odd Indices Independently,Easy,63.3%,12.0%
2351,https://leetcode.com/problems/first-letter-to-appear-twice,First Letter to Appear Twice,Easy,75.0%,12.0%
2356,https://leetcode.com/problems/number-of-unique-subjects-taught-by-each-teacher,Number of Unique Subjects Taught by Each Teacher,Easy,89.2%,12.0%
2483,https://leetcode.com/problems/minimum-penalty-for-a-shop,Minimum Penalty for a Shop,Medium,71.2%,12.0%
2528,https://leetcode.com/problems/maximize-the-minimum-powered-city,Maximize the Minimum Powered City,Hard,61.7%,12.0%
2535,https://leetcode.com/problems/difference-between-element-sum-and-digit-sum-of-an-array,Difference Between Element Sum and Digit Sum of an Array,Easy,85.3%,12.0%
2589,https://leetcode.com/problems/minimum-time-to-complete-all-tasks,Minimum Time to Complete All Tasks,Hard,39.9%,12.0%
2595,https://leetcode.com/problems/number-of-even-and-odd-bits,Number of Even and Odd Bits,Easy,73.5%,12.0%
2615,https://leetcode.com/problems/sum-of-distances,Sum of Distances,Medium,50.1%,12.0%
2633,https://leetcode.com/problems/convert-object-to-json-string,Convert Object to JSON String,Medium,78.0%,12.0%
2635,https://leetcode.com/problems/apply-transform-over-each-element-in-array,Apply Transform Over Each Element in Array,Easy,86.2%,12.0%
2665,https://leetcode.com/problems/counter-ii,Counter II,Easy,81.2%,12.0%
2666,https://leetcode.com/problems/allow-one-function-call,Allow One Function Call,Easy,86.6%,12.0%
2707,https://leetcode.com/problems/extra-characters-in-a-string,Extra Characters in a String,Medium,57.3%,12.0%
2715,https://leetcode.com/problems/timeout-cancellation,Timeout Cancellation,Easy,89.5%,12.0%
2724,https://leetcode.com/problems/sort-by,Sort By,Easy,83.0%,12.0%
2751,https://leetcode.com/problems/robot-collisions,Robot Collisions,Hard,61.6%,12.0%
2812,https://leetcode.com/problems/find-the-safest-path-in-a-grid,Find the Safest Path in a Grid,Medium,48.7%,12.0%
2815,https://leetcode.com/problems/max-pair-sum-in-an-array,Max Pair Sum in an Array,Easy,60.6%,12.0%
2824,https://leetcode.com/problems/count-pairs-whose-sum-is-less-than-target,Count Pairs Whose Sum is Less than Target,Easy,87.7%,12.0%
2943,https://leetcode.com/problems/maximize-area-of-square-hole-in-grid,Maximize Area of Square Hole in Grid,Medium,61.9%,12.0%
2946,https://leetcode.com/problems/matrix-similarity-after-cyclic-shifts,Matrix Similarity After Cyclic Shifts,Easy,74.3%,12.0%
2974,https://leetcode.com/problems/minimum-number-game,Minimum Number Game,Easy,85.5%,12.0%
3013,https://leetcode.com/problems/divide-an-array-into-subarrays-with-minimum-cost-ii,Divide an Array Into Subarrays With Minimum Cost II,Hard,54.7%,12.0%
3014,https://leetcode.com/problems/minimum-number-of-pushes-to-type-word-i,Minimum Number of Pushes to Type Word I,Easy,67.1%,12.0%
3021,https://leetcode.com/problems/alice-and-bob-playing-flower-game,Alice and Bob Playing Flower Game,Medium,60.0%,12.0%
3027,https://leetcode.com/problems/find-the-number-of-ways-to-place-people-ii,Find the Number of Ways to Place People II,Hard,64.4%,12.0%
3043,https://leetcode.com/problems/find-the-length-of-the-longest-common-prefix,Find the Length of the Longest Common Prefix,Medium,57.1%,12.0%
3217,https://leetcode.com/problems/delete-nodes-from-linked-list-present-in-array,Delete Nodes From Linked List Present in Array,Medium,69.5%,12.0%
3289,https://leetcode.com/problems/the-two-sneaky-numbers-of-digitville,The Two Sneaky Numbers of Digitville,Easy,89.8%,12.0%
3296,https://leetcode.com/problems/minimum-number-of-seconds-to-make-mountain-height-zero,Minimum Number of Seconds to Make Mountain Height Zero,Medium,58.3%,12.0%
3314,https://leetcode.com/problems/construct-the-minimum-bitwise-array-i,Construct the Minimum Bitwise Array I,Easy,85.2%,12.0%
3321,https://leetcode.com/problems/find-x-sum-of-all-k-long-subarrays-ii,Find X-Sum of All K-Long Subarrays II,Hard,41.1%,12.0%
3379,https://leetcode.com/problems/transformed-array,Transformed Array,Easy,70.5%,12.0%
3380,https://leetcode.com/problems/maximum-area-rectangle-with-point-constraints-i,Maximum Area Rectangle With Point Constraints I,Medium,51.6%,12.0%
3381,https://leetcode.com/problems/maximum-subarray-sum-with-length-divisible-by-k,Maximum Subarray Sum With Length Divisible by K,Medium,49.7%,12.0%
3454,https://leetcode.com/problems/separate-squares-ii,Separate Squares II,Hard,59.7%,12.0%
3488,https://leetcode.com/problems/closest-equal-element-queries,Closest Equal Element Queries,Medium,51.4%,12.0%
3532,https://leetcode.com/problems/path-existence-queries-in-a-graph-i,Path Existence Queries in a Graph I,Medium,55.4%,12.0%
3541,https://leetcode.com/problems/find-most-frequent-vowel-and-consonant,Find Most Frequent Vowel and Consonant,Easy,89.3%,12.0%
3550,https://leetcode.com/problems/smallest-index-with-digit-sum-equal-to-index,Smallest Index With Digit Sum Equal to Index,Easy,80.2%,12.0%
3573,https://leetcode.com/problems/best-time-to-buy-and-sell-stock-v,Best Time to Buy and Sell Stock V,Medium,60.7%,12.0%
3577,https://leetcode.com/problems/count-the-number-of-computer-unlocking-permutations,Count the Number of Computer Unlocking Permutations,Medium,59.0%,12.0%
3578,https://leetcode.com/problems/count-partitions-with-max-min-difference-at-most-k,Count Partitions With Max-Min Difference at Most K,Medium,58.7%,12.0%
3586,https://leetcode.com/problems/find-covid-recovery-patients,Find COVID Recovery Patients,Medium,41.9%,12.0%
3592,https://leetcode.com/problems/inverse-coin-change,Inverse Coin Change,Medium,51.8%,12.0%
3623,https://leetcode.com/problems/count-number-of-trapezoids-i,Count Number of Trapezoids I,Medium,48.1%,12.0%
3643,https://leetcode.com/problems/flip-square-submatrix-vertically,Flip Square Submatrix Vertically,Easy,79.4%,12.0%
3664,https://leetcode.com/problems/two-letter-card-game,Two-Letter Card Game,Medium,12.6%,12.0%
3710,https://leetcode.com/problems/maximum-partition-factor,Maximum Partition Factor,Hard,31.6%,12.0%
3713,https://leetcode.com/problems/longest-balanced-substring-i,Longest Balanced Substring I,Medium,69.7%,12.0%
3719,https://leetcode.com/problems/longest-balanced-subarray-i,Longest Balanced Subarray I,Medium,65.6%,12.0%
3741,https://leetcode.com/problems/minimum-distance-between-three-equal-elements-ii,Minimum Distance Between Three Equal Elements II,Medium,74.9%,12.0%
3751,https://leetcode.com/problems/total-waviness-of-numbers-in-range-i,Total Waviness of Numbers in Range I,Medium,80.7%,12.0%
3803,https://leetcode.com/problems/count-residue-prefixes,Count Residue Prefixes,Easy,65.6%,12.0%
3824,https://leetcode.com/problems/minimum-k-to-reduce-array-within-limit,Minimum K to Reduce Array Within Limit,Medium,41.1%,12.0%
3850,https://leetcode.com/problems/count-sequences-to-k,Count Sequences to K,Hard,36.0%,12.0%
3894,https://leetcode.com/problems/traffic-signal-color,Traffic Signal Color,Easy,82.9%,12.0%