ID,URL,Title,Difficulty,Acceptance %,Frequency %
1,https://leetcode.com/problems/two-sum,"Two Sum",Easy,57.4%,100.0%
146,https://leetcode.com/problems/lru-cache,"LRU Cache",Medium,47.2%,82.8%
3,https://leetcode.com/problems/longest-substring-without-repeating-characters,"Longest Substring Without Repeating Characters",Medium,38.9%,82.2%
42,https://leetcode.com/problems/trapping-rain-water,"Trapping Rain Water",Hard,67.2%,81.5%
121,https://leetcode.com/problems/best-time-to-buy-and-sell-stock,"Best Time to Buy and Sell Stock",Easy,56.7%,77.0%
11,https://leetcode.com/problems/container-with-most-water,"Container With Most Water",Medium,59.9%,75.2%
2,https://leetcode.com/problems/add-two-numbers,"Add Two Numbers",Medium,48.3%,74.3%
200,https://leetcode.com/problems/number-of-islands,"Number of Islands",Medium,64.2%,74.3%
14,https://leetcode.com/problems/longest-common-prefix,"Longest Common Prefix",Easy,47.4%,72.2%
23,https://leetcode.com/problems/merge-k-sorted-lists,"Merge k Sorted Lists",Hard,59.4%,72.2%
4,https://leetcode.com/problems/median-of-two-sorted-arrays,"Median of Two Sorted Arrays",Hard,46.4%,71.1%
56,https://leetcode.com/problems/merge-intervals,"Merge Intervals",Medium,51.6%,71.1%
15,https://leetcode.com/problems/3sum,"3Sum",Medium,38.9%,69.9%
875,https://leetcode.com/problems/koko-eating-bananas,"Koko Eating Bananas",Medium,49.9%,69.9%
49,https://leetcode.com/problems/group-anagrams,"Group Anagrams",Medium,72.5%,69.3%
560,https://leetcode.com/problems/subarray-sum-equals-k,"Subarray Sum Equals K",Medium,47.2%,69.3%
5,https://leetcode.com/problems/longest-palindromic-substring,"Longest Palindromic Substring",Medium,37.7%,68.0%
128,https://leetcode.com/problems/longest-consecutive-sequence,"Longest Consecutive Sequence",Medium,47.1%,68.0%
22,https://leetcode.com/problems/generate-parentheses,"Generate Parentheses",Medium,78.6%,67.4%
17,https://leetcode.com/problems/letter-combinations-of-a-phone-number,"Letter Combinations of a Phone Number",Medium,65.9%,65.9%
9,https://leetcode.com/problems/palindrome-number,"Palindrome Number",Easy,60.5%,65.2%
169,https://leetcode.com/problems/majority-element,"Majority Element",Easy,66.2%,65.2%
207,https://leetcode.com/problems/course-schedule,"Course Schedule",Medium,51.3%,65.2%
33,https://leetcode.com/problems/search-in-rotated-sorted-array,"Search in Rotated Sorted Array",Medium,44.4%,64.4%
236,https://leetcode.com/problems/lowest-common-ancestor-of-a-binary-tree,"Lowest Common Ancestor of a Binary Tree",Medium,69.1%,64.4%
994,https://leetcode.com/problems/rotting-oranges,"Rotting Oranges",Medium,58.5%,64.4%
21,https://leetcode.com/problems/merge-two-sorted-lists,"Merge Two Sorted Lists",Easy,68.2%,63.6%
767,https://leetcode.com/problems/reorganize-string,"Reorganize String",Medium,57.0%,63.6%
1929,https://leetcode.com/problems/concatenation-of-array,"Concatenation of Array",Easy,90.4%,63.6%
53,https://leetcode.com/problems/maximum-subarray,"Maximum Subarray",Medium,53.2%,62.7%
2214,https://leetcode.com/problems/minimum-health-to-beat-game,"Minimum Health to Beat Game",Medium,58.7%,62.5%
20,https://leetcode.com/problems/valid-parentheses,"Valid Parentheses",Easy,44.1%,61.9%
70,https://leetcode.com/problems/climbing-stairs,"Climbing Stairs",Easy,54.0%,60.9%
78,https://leetcode.com/problems/subsets,"Subsets",Medium,82.3%,60.0%
136,https://leetcode.com/problems/single-number,"Single Number",Easy,77.6%,60.0%
18,https://leetcode.com/problems/4sum,"4Sum",Medium,40.5%,58.9%
69,https://leetcode.com/problems/sqrtx,"Sqrt(x)",Easy,41.7%,58.9%
239,https://leetcode.com/problems/sliding-window-maximum,"Sliding Window Maximum",Hard,48.7%,58.9%
242,https://leetcode.com/problems/valid-anagram,"Valid Anagram",Easy,68.0%,58.9%
904,https://leetcode.com/problems/fruit-into-baskets,"Fruit Into Baskets",Medium,50.9%,58.9%
28,https://leetcode.com/problems/find-the-index-of-the-first-occurrence-in-a-string,"Find the Index of the First Occurrence in a String",Easy,46.5%,57.9%
31,https://leetcode.com/problems/next-permutation,"Next Permutation",Medium,45.1%,57.9%
35,https://leetcode.com/problems/search-insert-position,"Search Insert Position",Easy,51.1%,57.9%
88,https://leetcode.com/problems/merge-sorted-array,"Merge Sorted Array",Easy,54.7%,57.9%
347,https://leetcode.com/problems/top-k-frequent-elements,"Top K Frequent Elements",Medium,66.3%,57.9%
26,https://leetcode.com/problems/remove-duplicates-from-sorted-array,"Remove Duplicates from Sorted Array",Easy,62.7%,56.7%
41,https://leetcode.com/problems/first-missing-positive,"First Missing Positive",Hard,42.8%,56.7%
62,https://leetcode.com/problems/unique-paths,"Unique Paths",Medium,66.8%,56.7%
118,https://leetcode.com/problems/pascals-triangle,"Pascal's Triangle",Easy,78.9%,56.7%
735,https://leetcode.com/problems/asteroid-collision,"Asteroid Collision",Medium,47.7%,56.7%
127,https://leetcode.com/problems/word-ladder,"Word Ladder",Hard,45.4%,55.5%
138,https://leetcode.com/problems/copy-list-with-random-pointer,"Copy List with Random Pointer",Medium,62.7%,55.5%
143,https://leetcode.com/problems/reorder-list,"Reorder List",Medium,65.1%,55.5%
238,https://leetcode.com/problems/product-of-array-except-self,"Product of Array Except Self",Medium,68.8%,55.5%
6,https://leetcode.com/problems/zigzag-conversion,"Zigzag Conversion",Medium,54.0%,54.2%
27,https://leetcode.com/problems/remove-element,"Remove Element",Easy,61.7%,54.2%
45,https://leetcode.com/problems/jump-game-ii,"Jump Game II",Medium,42.7%,54.2%
75,https://leetcode.com/problems/sort-colors,"Sort Colors",Medium,69.5%,54.2%
79,https://leetcode.com/problems/word-search,"Word Search",Medium,47.2%,54.2%
162,https://leetcode.com/problems/find-peak-element,"Find Peak Element",Medium,46.9%,54.2%
198,https://leetcode.com/problems/house-robber,"House Robber",Medium,53.1%,54.2%
217,https://leetcode.com/problems/contains-duplicate,"Contains Duplicate",Easy,64.3%,54.2%
283,https://leetcode.com/problems/move-zeroes,"Move Zeroes",Easy,63.8%,54.2%
387,https://leetcode.com/problems/first-unique-character-in-a-string,"First Unique Character in a String",Easy,65.4%,54.2%
621,https://leetcode.com/problems/task-scheduler,"Task Scheduler",Medium,63.0%,54.2%
16,https://leetcode.com/problems/3sum-closest,"3Sum Closest",Medium,48.4%,52.9%
48,https://leetcode.com/problems/rotate-image,"Rotate Image",Medium,79.6%,52.9%
51,https://leetcode.com/problems/n-queens,"N-Queens",Hard,75.4%,52.9%
55,https://leetcode.com/problems/jump-game,"Jump Game",Medium,40.8%,52.9%
155,https://leetcode.com/problems/min-stack,"Min Stack",Medium,58.0%,52.9%
189,https://leetcode.com/problems/rotate-array,"Rotate Array",Medium,44.8%,52.9%
1004,https://leetcode.com/problems/max-consecutive-ones-iii,"Max Consecutive Ones III",Medium,67.6%,52.9%
1648,https://leetcode.com/problems/sell-diminishing-valued-colored-balls,"Sell Diminishing-Valued Colored Balls",Medium,30.2%,52.9%
3733,https://leetcode.com/problems/minimum-time-to-complete-all-deliveries,"Minimum Time to Complete All Deliveries",Medium,35.1%,52.9%
54,https://leetcode.com/problems/spiral-matrix,"Spiral Matrix",Medium,56.6%,51.4%
175,https://leetcode.com/problems/combine-two-tables,"Combine Two Tables",Easy,79.5%,51.4%
176,https://leetcode.com/problems/second-highest-salary,"Second Highest Salary",Medium,46.8%,51.4%
322,https://leetcode.com/problems/coin-change,"Coin Change",Medium,48.3%,51.4%
424,https://leetcode.com/problems/longest-repeating-character-replacement,"Longest Repeating Character Replacement",Medium,59.5%,51.4%
540,https://leetcode.com/problems/single-element-in-a-sorted-array,"Single Element in a Sorted Array",Medium,59.2%,51.4%
230,https://leetcode.com/problems/kth-smallest-element-in-a-bst,"Kth Smallest Element in a BST",Medium,75.5%,50.0%
909,https://leetcode.com/problems/snakes-and-ladders,"Snakes and Ladders",Medium,47.9%,50.0%
973,https://leetcode.com/problems/k-closest-points-to-origin,"K Closest Points to Origin",Medium,68.0%,50.0%
1492,https://leetcode.com/problems/the-kth-factor-of-n,"The kth Factor of n",Medium,69.6%,50.0%
2055,https://leetcode.com/problems/plates-between-candles,"Plates Between Candles",Medium,46.7%,50.0%
2170,https://leetcode.com/problems/minimum-operations-to-make-the-array-alternating,"Minimum Operations to Make the Array Alternating",Medium,34.7%,50.0%
2551,https://leetcode.com/problems/put-marbles-in-bags,"Put Marbles in Bags",Hard,72.4%,50.0%
2790,https://leetcode.com/problems/maximum-number-of-groups-with-increasing-length,"Maximum Number of Groups With Increasing Length",Hard,22.2%,50.0%
3462,https://leetcode.com/problems/maximum-sum-with-at-most-k-elements,"Maximum Sum With at Most K Elements",Medium,60.0%,50.0%
3610,https://leetcode.com/problems/minimum-number-of-primes-to-sum-to-target,"Minimum Number of Primes to Sum to Target",Medium,61.5%,50.0%
7,https://leetcode.com/problems/reverse-integer,"Reverse Integer",Medium,31.8%,49.8%
13,https://leetcode.com/problems/roman-to-integer,"Roman to Integer",Easy,66.5%,49.8%
19,https://leetcode.com/problems/remove-nth-node-from-end-of-list,"Remove Nth Node From End of List",Medium,51.4%,49.8%
46,https://leetcode.com/problems/permutations,"Permutations",Medium,81.8%,49.8%
66,https://leetcode.com/problems/plus-one,"Plus One",Easy,49.9%,49.8%
74,https://leetcode.com/problems/search-a-2d-matrix,"Search a 2D Matrix",Medium,53.8%,49.8%
139,https://leetcode.com/problems/word-break,"Word Break",Medium,49.4%,49.8%
199,https://leetcode.com/problems/binary-tree-right-side-view,"Binary Tree Right Side View",Medium,70.0%,49.8%
209,https://leetcode.com/problems/minimum-size-subarray-sum,"Minimum Size Subarray Sum",Medium,51.5%,49.8%
496,https://leetcode.com/problems/next-greater-element-i,"Next Greater Element I",Easy,76.0%,49.8%
981,https://leetcode.com/problems/time-based-key-value-store,"Time Based Key-Value Store",Medium,49.9%,49.8%
1011,https://leetcode.com/problems/capacity-to-ship-packages-within-d-days,"Capacity To Ship Packages Within D Days",Medium,73.8%,49.8%
34,https://leetcode.com/problems/find-first-and-last-position-of-element-in-sorted-array,"Find First and Last Position of Element in Sorted Array",Medium,48.7%,48.1%
36,https://leetcode.com/problems/valid-sudoku,"Valid Sudoku",Medium,64.4%,48.1%
234,https://leetcode.com/problems/palindrome-linked-list,"Palindrome Linked List",Easy,57.8%,48.1%
253,https://leetcode.com/problems/meeting-rooms-ii,"Meeting Rooms II",Medium,52.6%,48.1%
268,https://leetcode.com/problems/missing-number,"Missing Number",Easy,71.9%,48.1%
295,https://leetcode.com/problems/find-median-from-data-stream,"Find Median from Data Stream",Hard,54.4%,48.1%
297,https://leetcode.com/problems/serialize-and-deserialize-binary-tree,"Serialize and Deserialize Binary Tree",Hard,60.6%,48.1%
485,https://leetcode.com/problems/max-consecutive-ones,"Max Consecutive Ones",Easy,65.0%,48.1%
509,https://leetcode.com/problems/fibonacci-number,"Fibonacci Number",Easy,74.1%,48.1%
852,https://leetcode.com/problems/peak-index-in-a-mountain-array,"Peak Index in a Mountain Array",Medium,66.9%,48.1%
3752,https://leetcode.com/problems/lexicographically-smallest-negated-permutation-that-sums-to-target,"Lexicographically Smallest Negated Permutation that Sums to Target",Medium,31.0%,48.1%
58,https://leetcode.com/problems/length-of-last-word,"Length of Last Word",Easy,58.7%,46.2%
61,https://leetcode.com/problems/rotate-list,"Rotate List",Medium,41.6%,46.2%
76,https://leetcode.com/problems/minimum-window-substring,"Minimum Window Substring",Hard,47.4%,46.2%
98,https://leetcode.com/problems/validate-binary-search-tree,"Validate Binary Search Tree",Medium,35.6%,46.2%
110,https://leetcode.com/problems/balanced-binary-tree,"Balanced Binary Tree",Easy,58.2%,46.2%
122,https://leetcode.com/problems/best-time-to-buy-and-sell-stock-ii,"Best Time to Buy and Sell Stock II",Medium,71.0%,46.2%
151,https://leetcode.com/problems/reverse-words-in-a-string,"Reverse Words in a String",Medium,56.2%,46.2%
215,https://leetcode.com/problems/kth-largest-element-in-an-array,"Kth Largest Element in an Array",Medium,68.9%,46.2%
240,https://leetcode.com/problems/search-a-2d-matrix-ii,"Search a 2D Matrix II",Medium,57.2%,46.2%
287,https://leetcode.com/problems/find-the-duplicate-number,"Find the Duplicate Number",Medium,64.2%,46.2%
658,https://leetcode.com/problems/find-k-closest-elements,"Find K Closest Elements",Medium,49.6%,46.2%
739,https://leetcode.com/problems/daily-temperatures,"Daily Temperatures",Medium,68.6%,46.2%
987,https://leetcode.com/problems/vertical-order-traversal-of-a-binary-tree,"Vertical Order Traversal of a Binary Tree",Hard,53.6%,46.2%
3010,https://leetcode.com/problems/divide-an-array-into-subarrays-with-minimum-cost-i,"Divide an Array Into Subarrays With Minimum Cost I",Easy,80.5%,46.2%
39,https://leetcode.com/problems/combination-sum,"Combination Sum",Medium,76.4%,44.1%
84,https://leetcode.com/problems/largest-rectangle-in-histogram,"Largest Rectangle in Histogram",Hard,49.7%,44.1%
134,https://leetcode.com/problems/gas-station,"Gas Station",Medium,47.9%,44.1%
135,https://leetcode.com/problems/candy,"Candy",Hard,48.3%,44.1%
160,https://leetcode.com/problems/intersection-of-two-linked-lists,"Intersection of Two Linked Lists",Easy,63.6%,44.1%
206,https://leetcode.com/problems/reverse-linked-list,"Reverse Linked List",Easy,80.5%,44.1%
300,https://leetcode.com/problems/longest-increasing-subsequence,"Longest Increasing Subsequence",Medium,59.3%,44.1%
410,https://leetcode.com/problems/split-array-largest-sum,"Split Array Largest Sum",Hard,60.3%,44.1%
503,https://leetcode.com/problems/next-greater-element-ii,"Next Greater Element II",Medium,68.2%,44.1%
543,https://leetcode.com/problems/diameter-of-binary-tree,"Diameter of Binary Tree",Easy,65.4%,44.1%
901,https://leetcode.com/problems/online-stock-span,"Online Stock Span",Medium,69.0%,44.1%
1757,https://leetcode.com/problems/recyclable-and-low-fat-products,"Recyclable and Low Fat Products",Easy,88.7%,44.1%
2910,https://leetcode.com/problems/minimum-number-of-groups-to-create-a-valid-assignment,"Minimum Number of Groups to Create a Valid Assignment",Medium,25.2%,44.1%
8,https://leetcode.com/problems/string-to-integer-atoi,"String to Integer (atoi)",Medium,20.9%,41.8%
32,https://leetcode.com/problems/longest-valid-parentheses,"Longest Valid Parentheses",Hard,38.6%,41.8%
73,https://leetcode.com/problems/set-matrix-zeroes,"Set Matrix Zeroes",Medium,62.8%,41.8%
83,https://leetcode.com/problems/remove-duplicates-from-sorted-list,"Remove Duplicates from Sorted List",Easy,56.6%,41.8%
124,https://leetcode.com/problems/binary-tree-maximum-path-sum,"Binary Tree Maximum Path Sum",Hard,42.2%,41.8%
125,https://leetcode.com/problems/valid-palindrome,"Valid Palindrome",Easy,53.2%,41.8%
142,https://leetcode.com/problems/linked-list-cycle-ii,"Linked List Cycle II",Medium,57.7%,41.8%
179,https://leetcode.com/problems/largest-number,"Largest Number",Medium,42.9%,41.8%
202,https://leetcode.com/problems/happy-number,"Happy Number",Easy,59.5%,41.8%
204,https://leetcode.com/problems/count-primes,"Count Primes",Medium,36.0%,41.8%
210,https://leetcode.com/problems/course-schedule-ii,"Course Schedule II",Medium,55.4%,41.8%
380,https://leetcode.com/problems/insert-delete-getrandom-o1,"Insert Delete GetRandom O(1)",Medium,55.3%,41.8%
399,https://leetcode.com/problems/evaluate-division,"Evaluate Division",Medium,64.1%,41.8%
547,https://leetcode.com/problems/number-of-provinces,"Number of Provinces",Medium,70.3%,41.8%
567,https://leetcode.com/problems/permutation-in-string,"Permutation in String",Medium,48.7%,41.8%
863,https://leetcode.com/problems/all-nodes-distance-k-in-binary-tree,"All Nodes Distance K in Binary Tree",Medium,67.6%,41.8%
876,https://leetcode.com/problems/middle-of-the-linked-list,"Middle of the Linked List",Easy,81.8%,41.8%
907,https://leetcode.com/problems/sum-of-subarray-minimums,"Sum of Subarray Minimums",Medium,38.5%,41.8%
977,https://leetcode.com/problems/squares-of-a-sorted-array,"Squares of a Sorted Array",Easy,73.7%,41.8%
992,https://leetcode.com/problems/subarrays-with-k-different-integers,"Subarrays with K Different Integers",Hard,68.0%,41.8%
1752,https://leetcode.com/problems/check-if-array-is-sorted-and-rotated,"Check if Array Is Sorted and Rotated",Easy,56.0%,41.8%
2149,https://leetcode.com/problems/rearrange-array-elements-by-sign,"Rearrange Array Elements by Sign",Medium,84.6%,41.8%
2488,https://leetcode.com/problems/count-subarrays-with-median-k,"Count Subarrays With Median K",Hard,48.6%,41.8%
2667,https://leetcode.com/problems/create-hello-world-function,"Create Hello World Function",Easy,81.9%,41.8%
10,https://leetcode.com/problems/regular-expression-matching,"Regular Expression Matching",Hard,30.8%,39.2%
50,https://leetcode.com/problems/powx-n,"Pow(x, n)",Medium,38.6%,39.2%
67,https://leetcode.com/problems/add-binary,"Add Binary",Easy,57.9%,39.2%
86,https://leetcode.com/problems/partition-list,"Partition List",Medium,61.0%,39.2%
99,https://leetcode.com/problems/recover-binary-search-tree,"Recover Binary Search Tree",Medium,59.4%,39.2%
100,https://leetcode.com/problems/same-tree,"Same Tree",Easy,67.0%,39.2%
141,https://leetcode.com/problems/linked-list-cycle,"Linked List Cycle",Easy,54.2%,39.2%
148,https://leetcode.com/problems/sort-list,"Sort List",Medium,64.3%,39.2%
167,https://leetcode.com/problems/two-sum-ii-input-array-is-sorted,"Two Sum II - Input Array Is Sorted",Medium,64.9%,39.2%
181,https://leetcode.com/problems/employees-earning-more-than-their-managers,"Employees Earning More Than Their Managers",Easy,73.1%,39.2%
205,https://leetcode.com/problems/isomorphic-strings,"Isomorphic Strings",Easy,48.3%,39.2%
219,https://leetcode.com/problems/contains-duplicate-ii,"Contains Duplicate II",Easy,51.1%,39.2%
258,https://leetcode.com/problems/add-digits,"Add Digits",Easy,68.9%,39.2%
328,https://leetcode.com/problems/odd-even-linked-list,"Odd Even Linked List",Medium,62.5%,39.2%
394,https://leetcode.com/problems/decode-string,"Decode String",Medium,62.5%,39.2%
443,https://leetcode.com/problems/string-compression,"String Compression",Medium,59.9%,39.2%
460,https://leetcode.com/problems/lfu-cache,"LFU Cache",Hard,49.0%,39.2%
472,https://leetcode.com/problems/concatenated-words,"Concatenated Words",Hard,49.8%,39.2%
525,https://leetcode.com/problems/contiguous-array,"Contiguous Array",Medium,51.2%,39.2%
636,https://leetcode.com/problems/exclusive-time-of-functions,"Exclusive Time of Functions",Medium,66.2%,39.2%
653,https://leetcode.com/problems/two-sum-iv-input-is-a-bst,"Two Sum IV - Input is a BST",Easy,63.2%,39.2%
696,https://leetcode.com/problems/count-binary-substrings,"Count Binary Substrings",Easy,70.4%,39.2%
1148,https://leetcode.com/problems/article-views-i,"Article Views I",Easy,76.7%,39.2%
1423,https://leetcode.com/problems/maximum-points-you-can-obtain-from-cards,"Maximum Points You Can Obtain from Cards",Medium,57.5%,39.2%
1480,https://leetcode.com/problems/running-sum-of-1d-array,"Running Sum of 1d Array",Easy,86.9%,39.2%
2402,https://leetcode.com/problems/meeting-rooms-iii,"Meeting Rooms III",Hard,51.5%,39.2%
116,https://leetcode.com/problems/populating-next-right-pointers-in-each-node,"Populating Next Right Pointers in Each Node",Medium,65.6%,37.5%
229,https://leetcode.com/problems/majority-element-ii,"Majority Element II",Medium,54.6%,37.5%
314,https://leetcode.com/problems/binary-tree-vertical-order-traversal,"Binary Tree Vertical Order Traversal",Medium,57.2%,37.5%
323,https://leetcode.com/problems/number-of-connected-components-in-an-undirected-graph,"Number of Connected Components in an Undirected Graph",Medium,64.3%,37.5%
332,https://leetcode.com/problems/reconstruct-itinerary,"Reconstruct Itinerary",Hard,43.7%,37.5%
334,https://leetcode.com/problems/increasing-triplet-subsequence,"Increasing Triplet Subsequence",Medium,39.1%,37.5%
339,https://leetcode.com/problems/nested-list-weight-sum,"Nested List Weight Sum",Medium,85.6%,37.5%
346,https://leetcode.com/problems/moving-average-from-data-stream,"Moving Average from Data Stream",Easy,80.0%,37.5%
362,https://leetcode.com/problems/design-hit-counter,"Design Hit Counter",Medium,69.2%,37.5%
433,https://leetcode.com/problems/minimum-genetic-mutation,"Minimum Genetic Mutation",Medium,55.6%,37.5%
545,https://leetcode.com/problems/boundary-of-binary-tree,"Boundary of Binary Tree",Medium,47.2%,37.5%
588,https://leetcode.com/problems/design-in-memory-file-system,"Design In-Memory File System",Hard,48.2%,37.5%
632,https://leetcode.com/problems/smallest-range-covering-elements-from-k-lists,"Smallest Range Covering Elements from K Lists",Hard,69.8%,37.5%
694,https://leetcode.com/problems/number-of-distinct-islands,"Number of Distinct Islands",Medium,62.3%,37.5%
716,https://leetcode.com/problems/max-stack,"Max Stack",Hard,45.5%,37.5%
769,https://leetcode.com/problems/max-chunks-to-make-sorted,"Max Chunks To Make Sorted",Medium,64.1%,37.5%
785,https://leetcode.com/problems/is-graph-bipartite,"Is Graph Bipartite?",Medium,57.9%,37.5%
849,https://leetcode.com/problems/maximize-distance-to-closest-person,"Maximize Distance to Closest Person",Medium,49.0%,37.5%
937,https://leetcode.com/problems/reorder-data-in-log-files,"Reorder Data in Log Files",Medium,56.8%,37.5%
1139,https://leetcode.com/problems/largest-1-bordered-square,"Largest 1-Bordered Square",Medium,51.2%,37.5%
1267,https://leetcode.com/problems/count-servers-that-communicate,"Count Servers that Communicate",Medium,73.5%,37.5%
1358,https://leetcode.com/problems/number-of-substrings-containing-all-three-characters,"Number of Substrings Containing All Three Characters",Medium,73.2%,37.5%
1378,https://leetcode.com/problems/replace-employee-id-with-the-unique-identifier,"Replace Employee ID With The Unique Identifier",Easy,83.6%,37.5%
1431,https://leetcode.com/problems/kids-with-the-greatest-number-of-candies,"Kids With the Greatest Number of Candies",Easy,88.1%,37.5%
1478,https://leetcode.com/problems/allocate-mailboxes,"Allocate Mailboxes",Hard,55.8%,37.5%
1710,https://leetcode.com/problems/maximum-units-on-a-truck,"Maximum Units on a Truck",Easy,74.3%,37.5%
1749,https://leetcode.com/problems/maximum-absolute-sum-of-any-subarray,"Maximum Absolute Sum of Any Subarray",Medium,71.5%,37.5%
1762,https://leetcode.com/problems/buildings-with-an-ocean-view,"Buildings With an Ocean View",Medium,80.8%,37.5%
1910,https://leetcode.com/problems/remove-all-occurrences-of-a-substring,"Remove All Occurrences of a Substring",Medium,78.1%,37.5%
2115,https://leetcode.com/problems/find-all-possible-recipes-from-given-supplies,"Find All Possible Recipes from Given Supplies",Medium,56.5%,37.5%
2134,https://leetcode.com/problems/minimum-swaps-to-group-all-1s-together-ii,"Minimum Swaps to Group All 1's Together II",Medium,65.5%,37.5%
2163,https://leetcode.com/problems/minimum-difference-in-sums-after-removal-of-elements,"Minimum Difference in Sums After Removal of Elements",Hard,49.7%,37.5%
2193,https://leetcode.com/problems/minimum-number-of-moves-to-make-palindrome,"Minimum Number of Moves to Make Palindrome",Hard,52.1%,37.5%
2221,https://leetcode.com/problems/find-triangular-sum-of-an-array,"Find Triangular Sum of an Array",Medium,78.8%,37.5%
2560,https://leetcode.com/problems/house-robber-iv,"House Robber IV",Medium,65.1%,37.5%
2643,https://leetcode.com/problems/row-with-maximum-ones,"Row With Maximum Ones",Easy,74.5%,37.5%
2747,https://leetcode.com/problems/count-zero-request-servers,"Count Zero Request Servers",Medium,34.4%,37.5%
2918,https://leetcode.com/problems/minimum-equal-sum-of-two-arrays-after-replacing-zeros,"Minimum Equal Sum of Two Arrays After Replacing Zeros",Medium,50.2%,37.5%
2929,https://leetcode.com/problems/distribute-candies-among-children-ii,"Distribute Candies Among Children II",Medium,56.0%,37.5%
3104,https://leetcode.com/problems/find-longest-self-contained-substring,"Find Longest Self-Contained Substring",Hard,58.2%,37.5%
3392,https://leetcode.com/problems/count-subarrays-of-length-three-with-a-condition,"Count Subarrays of Length Three With a Condition",Easy,61.9%,37.5%
3439,https://leetcode.com/problems/reschedule-meetings-for-maximum-free-time-i,"Reschedule Meetings for Maximum Free Time I",Medium,53.8%,37.5%
3455,https://leetcode.com/problems/shortest-matching-substring,"Shortest Matching Substring",Hard,22.0%,37.5%
3459,https://leetcode.com/problems/length-of-longest-v-shaped-diagonal-segment,"Length of Longest V-Shaped Diagonal Segment",Hard,33.7%,37.5%
3461,https://leetcode.com/problems/check-if-digits-are-equal-in-string-after-operations-i,"Check If Digits Are Equal in String After Operations I",Easy,77.6%,37.5%
3572,https://leetcode.com/problems/maximize-ysum-by-picking-a-triplet-of-distinct-xvalues,"Maximize Y‑Sum by Picking a Triplet of Distinct X‑Values",Medium,62.2%,37.5%
25,https://leetcode.com/problems/reverse-nodes-in-k-group,"Reverse Nodes in k-Group",Hard,65.9%,36.2%
38,https://leetcode.com/problems/count-and-say,"Count and Say",Medium,62.7%,36.2%
57,https://leetcode.com/problems/insert-interval,"Insert Interval",Medium,45.1%,36.2%
63,https://leetcode.com/problems/unique-paths-ii,"Unique Paths II",Medium,44.4%,36.2%
64,https://leetcode.com/problems/minimum-path-sum,"Minimum Path Sum",Medium,68.1%,36.2%
133,https://leetcode.com/problems/clone-graph,"Clone Graph",Medium,65.1%,36.2%
178,https://leetcode.com/problems/rank-scores,"Rank Scores",Medium,67.6%,36.2%
197,https://leetcode.com/problems/rising-temperature,"Rising Temperature",Easy,51.2%,36.2%
344,https://leetcode.com/problems/reverse-string,"Reverse String",Easy,80.7%,36.2%
345,https://leetcode.com/problems/reverse-vowels-of-a-string,"Reverse Vowels of a String",Easy,61.1%,36.2%
383,https://leetcode.com/problems/ransom-note,"Ransom Note",Easy,65.9%,36.2%
416,https://leetcode.com/problems/partition-equal-subset-sum,"Partition Equal Subset Sum",Medium,49.4%,36.2%
435,https://leetcode.com/problems/non-overlapping-intervals,"Non-overlapping Intervals",Medium,57.0%,36.2%
455,https://leetcode.com/problems/assign-cookies,"Assign Cookies",Easy,54.9%,36.2%
456,https://leetcode.com/problems/132-pattern,"132 Pattern",Medium,34.7%,36.2%
493,https://leetcode.com/problems/reverse-pairs,"Reverse Pairs",Hard,34.1%,36.2%
570,https://leetcode.com/problems/managers-with-at-least-5-direct-reports,"Managers with at Least 5 Direct Reports",Medium,49.0%,36.2%
645,https://leetcode.com/problems/set-mismatch,"Set Mismatch",Easy,43.8%,36.2%
680,https://leetcode.com/problems/valid-palindrome-ii,"Valid Palindrome II",Easy,44.2%,36.2%
746,https://leetcode.com/problems/min-cost-climbing-stairs,"Min Cost Climbing Stairs",Easy,68.2%,36.2%
787,https://leetcode.com/problems/cheapest-flights-within-k-stops,"Cheapest Flights Within K Stops",Medium,41.7%,36.2%
799,https://leetcode.com/problems/champagne-tower,"Champagne Tower",Medium,64.1%,36.2%
840,https://leetcode.com/problems/magic-squares-in-grid,"Magic Squares In Grid",Medium,55.1%,36.2%
1008,https://leetcode.com/problems/construct-binary-search-tree-from-preorder-traversal,"Construct Binary Search Tree from Preorder Traversal",Medium,84.2%,36.2%
1192,https://leetcode.com/problems/critical-connections-in-a-network,"Critical Connections in a Network",Hard,59.5%,36.2%
1482,https://leetcode.com/problems/minimum-number-of-days-to-make-m-bouquets,"Minimum Number of Days to Make m Bouquets",Medium,56.4%,36.2%
1539,https://leetcode.com/problems/kth-missing-positive-number,"Kth Missing Positive Number",Easy,63.4%,36.2%
1768,https://leetcode.com/problems/merge-strings-alternately,"Merge Strings Alternately",Easy,82.1%,36.2%
1848,https://leetcode.com/problems/minimum-distance-to-the-target-element,"Minimum Distance to the Target Element",Easy,64.6%,36.2%
2235,https://leetcode.com/problems/add-two-integers,"Add Two Integers",Easy,87.9%,36.2%
2385,https://leetcode.com/problems/amount-of-time-for-binary-tree-to-be-infected,"Amount of Time for Binary Tree to Be Infected",Medium,65.3%,36.2%
3434,https://leetcode.com/problems/maximum-frequency-after-subarray-operation,"Maximum Frequency After Subarray Operation",Medium,31.1%,36.2%
3785,https://leetcode.com/problems/minimum-swaps-to-avoid-forbidden-values,"Minimum Swaps to Avoid Forbidden Values",Hard,30.6%,36.2%
12,https://leetcode.com/problems/integer-to-roman,"Integer to Roman",Medium,70.8%,32.7%
24,https://leetcode.com/problems/swap-nodes-in-pairs,"Swap Nodes in Pairs",Medium,69.4%,32.7%
29,https://leetcode.com/problems/divide-two-integers,"Divide Two Integers",Medium,19.7%,32.7%
47,https://leetcode.com/problems/permutations-ii,"Permutations II",Medium,63.3%,32.7%
85,https://leetcode.com/problems/maximal-rectangle,"Maximal Rectangle",Hard,58.6%,32.7%
97,https://leetcode.com/problems/interleaving-string,"Interleaving String",Medium,43.9%,32.7%
102,https://leetcode.com/problems/binary-tree-level-order-traversal,"Binary Tree Level Order Traversal",Medium,72.5%,32.7%
103,https://leetcode.com/problems/binary-tree-zigzag-level-order-traversal,"Binary Tree Zigzag Level Order Traversal",Medium,63.6%,32.7%
130,https://leetcode.com/problems/surrounded-regions,"Surrounded Regions",Medium,45.1%,32.7%
131,https://leetcode.com/problems/palindrome-partitioning,"Palindrome Partitioning",Medium,73.9%,32.7%
150,https://leetcode.com/problems/evaluate-reverse-polish-notation,"Evaluate Reverse Polish Notation",Medium,57.6%,32.7%
152,https://leetcode.com/problems/maximum-product-subarray,"Maximum Product Subarray",Medium,36.3%,32.7%
174,https://leetcode.com/problems/dungeon-game,"Dungeon Game",Hard,41.2%,32.7%
182,https://leetcode.com/problems/duplicate-emails,"Duplicate Emails",Easy,73.7%,32.7%
185,https://leetcode.com/problems/department-top-three-salaries,"Department Top Three Salaries",Hard,60.3%,32.7%
190,https://leetcode.com/problems/reverse-bits,"Reverse Bits",Easy,68.2%,32.7%
214,https://leetcode.com/problems/shortest-palindrome,"Shortest Palindrome",Hard,42.4%,32.7%
224,https://leetcode.com/problems/basic-calculator,"Basic Calculator",Hard,46.8%,32.7%
225,https://leetcode.com/problems/implement-stack-using-queues,"Implement Stack using Queues",Easy,69.8%,32.7%
274,https://leetcode.com/problems/h-index,"H-Index",Medium,41.3%,32.7%
312,https://leetcode.com/problems/burst-balloons,"Burst Balloons",Hard,63.3%,32.7%
315,https://leetcode.com/problems/count-of-smaller-numbers-after-self,"Count of Smaller Numbers After Self",Hard,43.5%,32.7%
319,https://leetcode.com/problems/bulb-switcher,"Bulb Switcher",Medium,55.8%,32.7%
349,https://leetcode.com/problems/intersection-of-two-arrays,"Intersection of Two Arrays",Easy,77.7%,32.7%
389,https://leetcode.com/problems/find-the-difference,"Find the Difference",Easy,60.3%,32.7%
430,https://leetcode.com/problems/flatten-a-multilevel-doubly-linked-list,"Flatten a Multilevel Doubly Linked List",Medium,62.8%,32.7%
438,https://leetcode.com/problems/find-all-anagrams-in-a-string,"Find All Anagrams in a String",Medium,53.6%,32.7%
451,https://leetcode.com/problems/sort-characters-by-frequency,"Sort Characters By Frequency",Medium,75.3%,32.7%
528,https://leetcode.com/problems/random-pick-with-weight,"Random Pick with Weight",Medium,49.0%,32.7%
561,https://leetcode.com/problems/array-partition,"Array Partition",Easy,81.7%,32.7%
595,https://leetcode.com/problems/big-countries,"Big Countries",Easy,68.5%,32.7%
605,https://leetcode.com/problems/can-place-flowers,"Can Place Flowers",Easy,29.1%,32.7%
678,https://leetcode.com/problems/valid-parenthesis-string,"Valid Parenthesis String",Medium,40.0%,32.7%
698,https://leetcode.com/problems/partition-to-k-equal-sum-subsets,"Partition to K Equal Sum Subsets",Medium,38.6%,32.7%
704,https://leetcode.com/problems/binary-search,"Binary Search",Easy,60.8%,32.7%
721,https://leetcode.com/problems/accounts-merge,"Accounts Merge",Medium,61.2%,32.7%
733,https://leetcode.com/problems/flood-fill,"Flood Fill",Easy,68.1%,32.7%
757,https://leetcode.com/problems/set-intersection-size-at-least-two,"Set Intersection Size At Least Two",Hard,58.0%,32.7%
796,https://leetcode.com/problems/rotate-string,"Rotate String",Easy,65.4%,32.7%
815,https://leetcode.com/problems/bus-routes,"Bus Routes",Hard,47.3%,32.7%
871,https://leetcode.com/problems/minimum-number-of-refueling-stops,"Minimum Number of Refueling Stops",Hard,41.3%,32.7%
881,https://leetcode.com/problems/boats-to-save-people,"Boats to Save People",Medium,61.7%,32.7%
931,https://leetcode.com/problems/minimum-falling-path-sum,"Minimum Falling Path Sum",Medium,60.8%,32.7%
947,https://leetcode.com/problems/most-stones-removed-with-same-row-or-column,"Most Stones Removed with Same Row or Column",Medium,62.9%,32.7%
1152,https://leetcode.com/problems/analyze-user-website-visit-pattern,"Analyze User Website Visit Pattern",Medium,44.3%,32.7%
1161,https://leetcode.com/problems/maximum-level-sum-of-a-binary-tree,"Maximum Level Sum of a Binary Tree",Medium,70.0%,32.7%
1193,https://leetcode.com/problems/monthly-transactions-i,"Monthly Transactions I",Medium,59.1%,32.7%
1382,https://leetcode.com/problems/balance-a-binary-search-tree,"Balance a Binary Search Tree",Medium,86.3%,32.7%
1438,https://leetcode.com/problems/longest-continuous-subarray-with-absolute-diff-less-than-or-equal-to-limit,"Longest Continuous Subarray With Absolute Diff Less Than or Equal to Limit",Medium,57.6%,32.7%
1458,https://leetcode.com/problems/max-dot-product-of-two-subsequences,"Max Dot Product of Two Subsequences",Hard,69.3%,32.7%
1470,https://leetcode.com/problems/shuffle-the-array,"Shuffle the Array",Easy,88.9%,32.7%
1838,https://leetcode.com/problems/frequency-of-the-most-frequent-element,"Frequency of the Most Frequent Element",Medium,44.8%,32.7%
1971,https://leetcode.com/problems/find-if-path-exists-in-graph,"Find if Path Exists in Graph",Easy,55.1%,32.7%
2483,https://leetcode.com/problems/minimum-penalty-for-a-shop,"Minimum Penalty for a Shop",Medium,71.2%,32.7%
3713,https://leetcode.com/problems/longest-balanced-substring-i,"Longest Balanced Substring I",Medium,69.7%,32.7%
3872,https://leetcode.com/problems/longest-arithmetic-sequence-after-changing-at-most-one-element,"Longest Arithmetic Sequence After Changing At Most One Element",Medium,21.0%,32.7%
43,https://leetcode.com/problems/multiply-strings,"Multiply Strings",Medium,44.0%,28.4%
59,https://leetcode.com/problems/spiral-matrix-ii,"Spiral Matrix II",Medium,74.9%,28.4%
60,https://leetcode.com/problems/permutation-sequence,"Permutation Sequence",Hard,52.8%,28.4%
65,https://leetcode.com/problems/valid-number,"Valid Number",Hard,22.9%,28.4%
72,https://leetcode.com/problems/edit-distance,"Edit Distance",Medium,60.5%,28.4%
81,https://leetcode.com/problems/search-in-rotated-sorted-array-ii,"Search in Rotated Sorted Array II",Medium,40.0%,28.4%
90,https://leetcode.com/problems/subsets-ii,"Subsets II",Medium,61.2%,28.4%
91,https://leetcode.com/problems/decode-ways,"Decode Ways",Medium,37.9%,28.4%
92,https://leetcode.com/problems/reverse-linked-list-ii,"Reverse Linked List II",Medium,51.4%,28.4%
104,https://leetcode.com/problems/maximum-depth-of-binary-tree,"Maximum Depth of Binary Tree",Easy,78.1%,28.4%
105,https://leetcode.com/problems/construct-binary-tree-from-preorder-and-inorder-traversal,"Construct Binary Tree from Preorder and Inorder Traversal",Medium,68.7%,28.4%
114,https://leetcode.com/problems/flatten-binary-tree-to-linked-list,"Flatten Binary Tree to Linked List",Medium,70.6%,28.4%
137,https://leetcode.com/problems/single-number-ii,"Single Number II",Medium,67.0%,28.4%
140,https://leetcode.com/problems/word-break-ii,"Word Break II",Hard,55.4%,28.4%
149,https://leetcode.com/problems/max-points-on-a-line,"Max Points on a Line",Hard,30.6%,28.4%
153,https://leetcode.com/problems/find-minimum-in-rotated-sorted-array,"Find Minimum in Rotated Sorted Array",Medium,54.1%,28.4%
165,https://leetcode.com/problems/compare-version-numbers,"Compare Version Numbers",Medium,46.3%,28.4%
168,https://leetcode.com/problems/excel-sheet-column-title,"Excel Sheet Column Title",Easy,46.3%,28.4%
177,https://leetcode.com/problems/nth-highest-salary,"Nth Highest Salary",Medium,39.1%,28.4%
183,https://leetcode.com/problems/customers-who-never-order,"Customers Who Never Order",Easy,71.7%,28.4%
203,https://leetcode.com/problems/remove-linked-list-elements,"Remove Linked List Elements",Easy,54.3%,28.4%
208,https://leetcode.com/problems/implement-trie-prefix-tree,"Implement Trie (Prefix Tree)",Medium,69.4%,28.4%
211,https://leetcode.com/problems/design-add-and-search-words-data-structure,"Design Add and Search Words Data Structure",Medium,48.4%,28.4%
212,https://leetcode.com/problems/word-search-ii,"Word Search II",Hard,38.4%,28.4%
213,https://leetcode.com/problems/house-robber-ii,"House Robber II",Medium,44.8%,28.4%
227,https://leetcode.com/problems/basic-calculator-ii,"Basic Calculator II",Medium,46.8%,28.4%
231,https://leetcode.com/problems/power-of-two,"Power of Two",Easy,50.0%,28.4%
237,https://leetcode.com/problems/delete-node-in-a-linked-list,"Delete Node in a Linked List",Medium,83.8%,28.4%
263,https://leetcode.com/problems/ugly-number,"Ugly Number",Easy,43.4%,28.4%
269,https://leetcode.com/problems/alien-dictionary,"Alien Dictionary",Hard,37.2%,28.4%
278,https://leetcode.com/problems/first-bad-version,"First Bad Version",Easy,47.0%,28.4%
279,https://leetcode.com/problems/perfect-squares,"Perfect Squares",Medium,56.5%,28.4%
329,https://leetcode.com/problems/longest-increasing-path-in-a-matrix,"Longest Increasing Path in a Matrix",Hard,56.5%,28.4%
337,https://leetcode.com/problems/house-robber-iii,"House Robber III",Medium,55.8%,28.4%
354,https://leetcode.com/problems/russian-doll-envelopes,"Russian Doll Envelopes",Hard,37.8%,28.4%
359,https://leetcode.com/problems/logger-rate-limiter,"Logger Rate Limiter",Easy,76.8%,28.4%
373,https://leetcode.com/problems/find-k-pairs-with-smallest-sums,"Find K Pairs with Smallest Sums",Medium,41.8%,28.4%
390,https://leetcode.com/problems/elimination-game,"Elimination Game",Medium,46.3%,28.4%
392,https://leetcode.com/problems/is-subsequence,"Is Subsequence",Easy,49.0%,28.4%
412,https://leetcode.com/problems/fizz-buzz,"Fizz Buzz",Easy,75.4%,28.4%
419,https://leetcode.com/problems/battleships-in-a-board,"Battleships in a Board",Medium,77.5%,28.4%
518,https://leetcode.com/problems/coin-change-ii,"Coin Change II",Medium,60.1%,28.4%
541,https://leetcode.com/problems/reverse-string-ii,"Reverse String II",Easy,53.7%,28.4%
557,https://leetcode.com/problems/reverse-words-in-a-string-iii,"Reverse Words in a String III",Easy,84.0%,28.4%
584,https://leetcode.com/problems/find-customer-referee,"Find Customer Referee",Easy,72.8%,28.4%
662,https://leetcode.com/problems/maximum-width-of-binary-tree,"Maximum Width of Binary Tree",Medium,45.5%,28.4%
692,https://leetcode.com/problems/top-k-frequent-words,"Top K Frequent Words",Medium,60.1%,28.4%
713,https://leetcode.com/problems/subarray-product-less-than-k,"Subarray Product Less Than K",Medium,54.2%,28.4%
752,https://leetcode.com/problems/open-the-lock,"Open the Lock",Medium,61.3%,28.4%
802,https://leetcode.com/problems/find-eventual-safe-states,"Find Eventual Safe States",Medium,70.6%,28.4%
827,https://leetcode.com/problems/making-a-large-island,"Making A Large Island",Hard,56.5%,28.4%
853,https://leetcode.com/problems/car-fleet,"Car Fleet",Medium,55.0%,28.4%
874,https://leetcode.com/problems/walking-robot-simulation,"Walking Robot Simulation",Medium,64.6%,28.4%
921,https://leetcode.com/problems/minimum-add-to-make-parentheses-valid,"Minimum Add to Make Parentheses Valid",Medium,74.4%,28.4%
930,https://leetcode.com/problems/binary-subarrays-with-sum,"Binary Subarrays With Sum",Medium,68.7%,28.4%
933,https://leetcode.com/problems/number-of-recent-calls,"Number of Recent Calls",Easy,78.4%,28.4%
955,https://leetcode.com/problems/delete-columns-to-make-sorted-ii,"Delete Columns to Make Sorted II",Medium,49.7%,28.4%
983,https://leetcode.com/problems/minimum-cost-for-tickets,"Minimum Cost For Tickets",Medium,67.4%,28.4%
986,https://leetcode.com/problems/interval-list-intersections,"Interval List Intersections",Medium,73.0%,28.4%
1046,https://leetcode.com/problems/last-stone-weight,"Last Stone Weight",Easy,66.4%,28.4%
1070,https://leetcode.com/problems/product-sales-analysis-iii,"Product Sales Analysis III",Medium,45.9%,28.4%
1091,https://leetcode.com/problems/shortest-path-in-binary-matrix,"Shortest Path in Binary Matrix",Medium,51.4%,28.4%
1292,https://leetcode.com/problems/maximum-side-length-of-a-square-with-sum-less-than-or-equal-to-threshold,"Maximum Side Length of a Square with Sum Less than or Equal to Threshold",Medium,65.4%,28.4%
1339,https://leetcode.com/problems/maximum-product-of-splitted-binary-tree,"Maximum Product of Splitted Binary Tree",Medium,55.7%,28.4%
1353,https://leetcode.com/problems/maximum-number-of-events-that-can-be-attended,"Maximum Number of Events That Can Be Attended",Medium,39.0%,28.4%
1581,https://leetcode.com/problems/customer-who-visited-but-did-not-make-any-transactions,"Customer Who Visited but Did Not Make Any Transactions",Easy,67.7%,28.4%
1584,https://leetcode.com/problems/min-cost-to-connect-all-points,"Min Cost to Connect All Points",Medium,70.8%,28.4%
1642,https://leetcode.com/problems/furthest-building-you-can-reach,"Furthest Building You Can Reach",Medium,50.8%,28.4%
1650,https://leetcode.com/problems/lowest-common-ancestor-of-a-binary-tree-iii,"Lowest Common Ancestor of a Binary Tree III",Medium,83.0%,28.4%
1700,https://leetcode.com/problems/number-of-students-unable-to-eat-lunch,"Number of Students Unable to Eat Lunch",Easy,79.5%,28.4%
1975,https://leetcode.com/problems/maximum-matrix-sum,"Maximum Matrix Sum",Medium,67.5%,28.4%
1980,https://leetcode.com/problems/find-unique-binary-string,"Find Unique Binary String",Medium,81.2%,28.4%
2054,https://leetcode.com/problems/two-best-non-overlapping-events,"Two Best Non-Overlapping Events",Medium,64.0%,28.4%
2583,https://leetcode.com/problems/kth-largest-sum-in-a-binary-tree,"Kth Largest Sum in a Binary Tree",Medium,59.0%,28.4%
2943,https://leetcode.com/problems/maximize-area-of-square-hole-in-grid,"Maximize Area of Square Hole in Grid",Medium,61.9%,28.4%
2965,https://leetcode.com/problems/find-missing-and-repeated-values,"Find Missing and Repeated Values",Easy,83.2%,28.4%
3354,https://leetcode.com/problems/make-array-elements-equal-to-zero,"Make Array Elements Equal to Zero",Easy,68.3%,28.4%
3379,https://leetcode.com/problems/transformed-array,"Transformed Array",Easy,70.5%,28.4%
3381,https://leetcode.com/problems/maximum-subarray-sum-with-length-divisible-by-k,"Maximum Subarray Sum With Length Divisible by K",Medium,49.7%,28.4%
3453,https://leetcode.com/problems/separate-squares-i,"Separate Squares I",Medium,58.0%,28.4%
3510,https://leetcode.com/problems/minimum-pair-removal-to-sort-array-ii,"Minimum Pair Removal to Sort Array II",Hard,39.0%,28.4%
3531,https://leetcode.com/problems/count-covered-buildings,"Count Covered Buildings",Medium,58.8%,28.4%
3650,https://leetcode.com/problems/minimum-cost-path-with-edge-reversals,"Minimum Cost Path with Edge Reversals",Medium,61.8%,28.4%
77,https://leetcode.com/problems/combinations,"Combinations",Medium,73.0%,25.0%
112,https://leetcode.com/problems/path-sum,"Path Sum",Easy,53.2%,25.0%
115,https://leetcode.com/problems/distinct-subsequences,"Distinct Subsequences",Hard,50.3%,25.0%
187,https://leetcode.com/problems/repeated-dna-sequences,"Repeated DNA Sequences",Medium,51.5%,25.0%
250,https://leetcode.com/problems/count-univalue-subtrees,"Count Univalue Subtrees",Medium,57.2%,25.0%
271,https://leetcode.com/problems/encode-and-decode-strings,"Encode and Decode Strings",Medium,49.8%,25.0%
277,https://leetcode.com/problems/find-the-celebrity,"Find the Celebrity",Medium,48.5%,25.0%
286,https://leetcode.com/problems/walls-and-gates,"Walls and Gates",Medium,63.0%,25.0%
292,https://leetcode.com/problems/nim-game,"Nim Game",Easy,58.2%,25.0%
303,https://leetcode.com/problems/range-sum-query-immutable,"Range Sum Query - Immutable",Easy,68.9%,25.0%
336,https://leetcode.com/problems/palindrome-pairs,"Palindrome Pairs",Hard,36.3%,25.0%
340,https://leetcode.com/problems/longest-substring-with-at-most-k-distinct-characters,"Longest Substring with At Most K Distinct Characters",Medium,49.5%,25.0%
341,https://leetcode.com/problems/flatten-nested-list-iterator,"Flatten Nested List Iterator",Medium,65.3%,25.0%
353,https://leetcode.com/problems/design-snake-game,"Design Snake Game",Medium,39.7%,25.0%
386,https://leetcode.com/problems/lexicographical-numbers,"Lexicographical Numbers",Medium,76.0%,25.0%
404,https://leetcode.com/problems/sum-of-left-leaves,"Sum of Left Leaves",Easy,61.7%,25.0%
408,https://leetcode.com/problems/valid-word-abbreviation,"Valid Word Abbreviation",Easy,36.9%,25.0%
428,https://leetcode.com/problems/serialize-and-deserialize-n-ary-tree,"Serialize and Deserialize N-ary Tree",Hard,68.3%,25.0%
432,https://leetcode.com/problems/all-oone-data-structure,"All O'one Data Structure",Hard,44.1%,25.0%
434,https://leetcode.com/problems/number-of-segments-in-a-string,"Number of Segments in a String",Easy,36.4%,25.0%
437,https://leetcode.com/problems/path-sum-iii,"Path Sum III",Medium,46.1%,25.0%
440,https://leetcode.com/problems/k-th-smallest-in-lexicographical-order,"K-th Smallest in Lexicographical Order",Hard,45.9%,25.0%
448,https://leetcode.com/problems/find-all-numbers-disappeared-in-an-array,"Find All Numbers Disappeared in an Array",Easy,62.5%,25.0%
450,https://leetcode.com/problems/delete-node-in-a-bst,"Delete Node in a BST",Medium,53.1%,25.0%
452,https://leetcode.com/problems/minimum-number-of-arrows-to-burst-balloons,"Minimum Number of Arrows to Burst Balloons",Medium,60.5%,25.0%
465,https://leetcode.com/problems/optimal-account-balancing,"Optimal Account Balancing",Hard,50.0%,25.0%
475,https://leetcode.com/problems/heaters,"Heaters",Medium,40.1%,25.0%
480,https://leetcode.com/problems/sliding-window-median,"Sliding Window Median",Hard,38.7%,25.0%
486,https://leetcode.com/problems/predict-the-winner,"Predict the Winner",Medium,55.8%,25.0%
498,https://leetcode.com/problems/diagonal-traverse,"Diagonal Traverse",Medium,63.3%,25.0%
516,https://leetcode.com/problems/longest-palindromic-subsequence,"Longest Palindromic Subsequence",Medium,64.3%,25.0%
523,https://leetcode.com/problems/continuous-subarray-sum,"Continuous Subarray Sum",Medium,30.9%,25.0%
564,https://leetcode.com/problems/find-the-closest-palindrome,"Find the Closest Palindrome",Hard,31.7%,25.0%
576,https://leetcode.com/problems/out-of-boundary-paths,"Out of Boundary Paths",Medium,48.2%,25.0%
581,https://leetcode.com/problems/shortest-unsorted-continuous-subarray,"Shortest Unsorted Continuous Subarray",Medium,37.5%,25.0%
594,https://leetcode.com/problems/longest-harmonious-subsequence,"Longest Harmonious Subsequence",Easy,63.7%,25.0%
601,https://leetcode.com/problems/human-traffic-of-stadium,"Human Traffic of Stadium",Hard,49.8%,25.0%
602,https://leetcode.com/problems/friend-requests-ii-who-has-the-most-friends,"Friend Requests II: Who Has the Most Friends",Medium,61.1%,25.0%
642,https://leetcode.com/problems/design-search-autocomplete-system,"Design Search Autocomplete System",Hard,49.4%,25.0%
657,https://leetcode.com/problems/robot-return-to-origin,"Robot Return to Origin",Easy,76.2%,25.0%
669,https://leetcode.com/problems/trim-a-binary-search-tree,"Trim a Binary Search Tree",Medium,66.4%,25.0%
700,https://leetcode.com/problems/search-in-a-binary-search-tree,"Search in a Binary Search Tree",Easy,81.8%,25.0%
701,https://leetcode.com/problems/insert-into-a-binary-search-tree,"Insert into a Binary Search Tree",Medium,73.4%,25.0%
703,https://leetcode.com/problems/kth-largest-element-in-a-stream,"Kth Largest Element in a Stream",Easy,60.0%,25.0%
724,https://leetcode.com/problems/find-pivot-index,"Find Pivot Index",Easy,60.7%,25.0%
768,https://leetcode.com/problems/max-chunks-to-make-sorted-ii,"Max Chunks To Make Sorted II",Hard,54.3%,25.0%
772,https://leetcode.com/problems/basic-calculator-iii,"Basic Calculator III",Hard,52.6%,25.0%
781,https://leetcode.com/problems/rabbits-in-forest,"Rabbits in Forest",Medium,58.2%,25.0%
838,https://leetcode.com/problems/push-dominoes,"Push Dominoes",Medium,63.0%,25.0%
841,https://leetcode.com/problems/keys-and-rooms,"Keys and Rooms",Medium,74.8%,25.0%
857,https://leetcode.com/problems/minimum-cost-to-hire-k-workers,"Minimum Cost to Hire K Workers",Hard,63.5%,25.0%
862,https://leetcode.com/problems/shortest-subarray-with-sum-at-least-k,"Shortest Subarray with Sum at Least K",Hard,32.3%,25.0%
873,https://leetcode.com/problems/length-of-longest-fibonacci-subsequence,"Length of Longest Fibonacci Subsequence",Medium,57.6%,25.0%
918,https://leetcode.com/problems/maximum-sum-circular-subarray,"Maximum Sum Circular Subarray",Medium,47.9%,25.0%
926,https://leetcode.com/problems/flip-string-to-monotone-increasing,"Flip String to Monotone Increasing",Medium,61.6%,25.0%
934,https://leetcode.com/problems/shortest-bridge,"Shortest Bridge",Medium,58.7%,25.0%
941,https://leetcode.com/problems/valid-mountain-array,"Valid Mountain Array",Easy,34.4%,25.0%
959,https://leetcode.com/problems/regions-cut-by-slashes,"Regions Cut By Slashes",Medium,77.6%,25.0%
993,https://leetcode.com/problems/cousins-in-binary-tree,"Cousins in Binary Tree",Easy,58.3%,25.0%
997,https://leetcode.com/problems/find-the-town-judge,"Find the Town Judge",Easy,50.1%,25.0%
1007,https://leetcode.com/problems/minimum-domino-rotations-for-equal-row,"Minimum Domino Rotations For Equal Row",Medium,56.5%,25.0%
1025,https://leetcode.com/problems/divisor-game,"Divisor Game",Easy,70.5%,25.0%
1031,https://leetcode.com/problems/maximum-sum-of-two-non-overlapping-subarrays,"Maximum Sum of Two Non-Overlapping Subarrays",Medium,60.3%,25.0%
1032,https://leetcode.com/problems/stream-of-characters,"Stream of Characters",Hard,51.3%,25.0%
1035,https://leetcode.com/problems/uncrossed-lines,"Uncrossed Lines",Medium,64.4%,25.0%
1052,https://leetcode.com/problems/grumpy-bookstore-owner,"Grumpy Bookstore Owner",Medium,64.0%,25.0%
1061,https://leetcode.com/problems/lexicographically-smallest-equivalent-string,"Lexicographically Smallest Equivalent String",Medium,81.1%,25.0%
1092,https://leetcode.com/problems/shortest-common-supersequence,"Shortest Common Supersequence",Hard,61.4%,25.0%
1094,https://leetcode.com/problems/car-pooling,"Car Pooling",Medium,56.1%,25.0%
1106,https://leetcode.com/problems/parsing-a-boolean-expression,"Parsing A Boolean Expression",Hard,69.8%,25.0%
1128,https://leetcode.com/problems/number-of-equivalent-domino-pairs,"Number of Equivalent Domino Pairs",Easy,60.6%,25.0%
1129,https://leetcode.com/problems/shortest-path-with-alternating-colors,"Shortest Path with Alternating Colors",Medium,47.4%,25.0%
1136,https://leetcode.com/problems/parallel-courses,"Parallel Courses",Medium,61.9%,25.0%
1167,https://leetcode.com/problems/minimum-cost-to-connect-sticks,"Minimum Cost to Connect Sticks",Medium,71.2%,25.0%
1186,https://leetcode.com/problems/maximum-subarray-sum-with-one-deletion,"Maximum Subarray Sum with One Deletion",Medium,45.2%,25.0%
1197,https://leetcode.com/problems/minimum-knight-moves,"Minimum Knight Moves",Medium,41.4%,25.0%
1221,https://leetcode.com/problems/split-a-string-in-balanced-strings,"Split a String in Balanced Strings",Easy,86.8%,25.0%
1245,https://leetcode.com/problems/tree-diameter,"Tree Diameter",Medium,61.1%,25.0%
1249,https://leetcode.com/problems/minimum-remove-to-make-valid-parentheses,"Minimum Remove to Make Valid Parentheses",Medium,70.8%,25.0%
1275,https://leetcode.com/problems/find-winner-on-a-tic-tac-toe-game,"Find Winner on a Tic Tac Toe Game",Easy,54.2%,25.0%
1295,https://leetcode.com/problems/find-numbers-with-even-number-of-digits,"Find Numbers with Even Number of Digits",Easy,79.4%,25.0%
1321,https://leetcode.com/problems/restaurant-growth,"Restaurant Growth",Medium,56.8%,25.0%
1326,https://leetcode.com/problems/minimum-number-of-taps-to-open-to-water-a-garden,"Minimum Number of Taps to Open to Water a Garden",Hard,50.7%,25.0%
1343,https://leetcode.com/problems/number-of-sub-arrays-of-size-k-and-average-greater-than-or-equal-to-threshold,"Number of Sub-arrays of Size K and Average Greater than or Equal to Threshold",Medium,70.4%,25.0%
1345,https://leetcode.com/problems/jump-game-iv,"Jump Game IV",Hard,46.1%,25.0%
1383,https://leetcode.com/problems/maximum-performance-of-a-team,"Maximum Performance of a Team",Hard,47.5%,25.0%
1415,https://leetcode.com/problems/the-k-th-lexicographical-string-of-all-happy-strings-of-length-n,"The k-th Lexicographical String of All Happy Strings of Length n",Medium,85.1%,25.0%
1432,https://leetcode.com/problems/max-difference-you-can-get-from-changing-an-integer,"Max Difference You Can Get From Changing an Integer",Medium,48.9%,25.0%
1466,https://leetcode.com/problems/reorder-routes-to-make-all-paths-lead-to-the-city-zero,"Reorder Routes to Make All Paths Lead to the City Zero",Medium,65.1%,25.0%
1481,https://leetcode.com/problems/least-number-of-unique-integers-after-k-removals,"Least Number of Unique Integers after K Removals",Medium,63.5%,25.0%
1497,https://leetcode.com/problems/check-if-array-pairs-are-divisible-by-k,"Check If Array Pairs Are Divisible by k",Medium,46.2%,25.0%
1524,https://leetcode.com/problems/number-of-sub-arrays-with-odd-sum,"Number of Sub-arrays With Odd Sum",Medium,56.0%,25.0%
1534,https://leetcode.com/problems/count-good-triplets,"Count Good Triplets",Easy,85.5%,25.0%
1625,https://leetcode.com/problems/lexicographically-smallest-string-after-applying-operations,"Lexicographically Smallest String After Applying Operations",Medium,65.4%,25.0%
1631,https://leetcode.com/problems/path-with-minimum-effort,"Path With Minimum Effort",Medium,61.6%,25.0%
1683,https://leetcode.com/problems/invalid-tweets,"Invalid Tweets",Easy,85.5%,25.0%
1718,https://leetcode.com/problems/construct-the-lexicographically-largest-valid-sequence,"Construct the Lexicographically Largest Valid Sequence",Medium,73.1%,25.0%
1723,https://leetcode.com/problems/find-minimum-time-to-finish-all-jobs,"Find Minimum Time to Finish All Jobs",Hard,43.8%,25.0%
1751,https://leetcode.com/problems/maximum-number-of-events-that-can-be-attended-ii,"Maximum Number of Events That Can Be Attended II",Hard,64.0%,25.0%
1920,https://leetcode.com/problems/build-array-from-permutation,"Build Array from Permutation",Easy,91.1%,25.0%
1926,https://leetcode.com/problems/nearest-exit-from-entrance-in-maze,"Nearest Exit from Entrance in Maze",Medium,47.6%,25.0%
1928,https://leetcode.com/problems/minimum-cost-to-reach-destination-in-time,"Minimum Cost to Reach Destination in Time",Hard,40.0%,25.0%
1984,https://leetcode.com/problems/minimum-difference-between-highest-and-lowest-of-k-scores,"Minimum Difference Between Highest and Lowest of K Scores",Easy,58.7%,25.0%
2016,https://leetcode.com/problems/maximum-difference-between-increasing-elements,"Maximum Difference Between Increasing Elements",Easy,66.2%,25.0%
2035,https://leetcode.com/problems/partition-array-into-two-arrays-to-minimize-sum-difference,"Partition Array Into Two Arrays to Minimize Sum Difference",Hard,21.9%,25.0%
2040,https://leetcode.com/problems/kth-smallest-product-of-two-sorted-arrays,"Kth Smallest Product of Two Sorted Arrays",Hard,49.1%,25.0%
2104,https://leetcode.com/problems/sum-of-subarray-ranges,"Sum of Subarray Ranges",Medium,60.1%,25.0%
2161,https://leetcode.com/problems/partition-array-according-to-given-pivot,"Partition Array According to Given Pivot",Medium,89.9%,25.0%
2200,https://leetcode.com/problems/find-all-k-distant-indices-in-an-array,"Find All K-Distant Indices in an Array",Easy,77.4%,25.0%
2281,https://leetcode.com/problems/sum-of-total-strength-of-wizards,"Sum of Total Strength of Wizards",Hard,28.5%,25.0%
2300,https://leetcode.com/problems/successful-pairs-of-spells-and-potions,"Successful Pairs of Spells and Potions",Medium,45.6%,25.0%
2302,https://leetcode.com/problems/count-subarrays-with-score-less-than-k,"Count Subarrays With Score Less Than K",Hard,62.4%,25.0%
2342,https://leetcode.com/problems/max-sum-of-a-pair-with-equal-sum-of-digits,"Max Sum of a Pair With Equal Sum of Digits",Medium,66.0%,25.0%
2347,https://leetcode.com/problems/best-poker-hand,"Best Poker Hand",Easy,61.2%,25.0%
2355,https://leetcode.com/problems/maximum-number-of-books-you-can-take,"Maximum Number of Books You Can Take",Hard,39.3%,25.0%
2364,https://leetcode.com/problems/count-number-of-bad-pairs,"Count Number of Bad Pairs",Medium,54.3%,25.0%
2379,https://leetcode.com/problems/minimum-recolors-to-get-k-consecutive-black-blocks,"Minimum Recolors to Get K Consecutive Black Blocks",Easy,68.4%,25.0%
2405,https://leetcode.com/problems/optimal-partition-of-string,"Optimal Partition of String",Medium,78.3%,25.0%
2434,https://leetcode.com/problems/using-a-robot-to-print-the-lexicographically-smallest-string,"Using a Robot to Print the Lexicographically Smallest String",Medium,62.6%,25.0%
2460,https://leetcode.com/problems/apply-operations-to-an-array,"Apply Operations to an Array",Easy,74.8%,25.0%
2477,https://leetcode.com/problems/minimum-fuel-cost-to-report-to-the-capital,"Minimum Fuel Cost to Report to the Capital",Medium,64.4%,25.0%
2523,https://leetcode.com/problems/closest-prime-numbers-in-range,"Closest Prime Numbers in Range",Medium,51.5%,25.0%
2563,https://leetcode.com/problems/count-the-number-of-fair-pairs,"Count the Number of Fair Pairs",Medium,52.9%,25.0%
2579,https://leetcode.com/problems/count-total-number-of-colored-cells,"Count Total Number of Colored Cells",Medium,66.2%,25.0%
2594,https://leetcode.com/problems/minimum-time-to-repair-cars,"Minimum Time to Repair Cars",Medium,59.9%,25.0%
2616,https://leetcode.com/problems/minimize-the-maximum-difference-of-pairs,"Minimize the Maximum Difference of Pairs",Medium,50.9%,25.0%
2683,https://leetcode.com/problems/neighboring-bitwise-xor,"Neighboring Bitwise XOR",Medium,79.8%,25.0%
2685,https://leetcode.com/problems/count-the-number-of-complete-components,"Count the Number of Complete Components",Medium,77.7%,25.0%
2772,https://leetcode.com/problems/apply-operations-to-make-all-array-elements-equal-to-zero,"Apply Operations to Make All Array Elements Equal to Zero",Medium,32.8%,25.0%
2799,https://leetcode.com/problems/count-complete-subarrays-in-an-array,"Count Complete Subarrays in an Array",Medium,75.8%,25.0%
2877,https://leetcode.com/problems/create-a-dataframe-from-list,"Create a DataFrame from List",Easy,81.4%,25.0%
2948,https://leetcode.com/problems/make-lexicographically-smallest-array-by-swapping-elements,"Make Lexicographically Smallest Array by Swapping Elements",Medium,60.2%,25.0%
2966,https://leetcode.com/problems/divide-array-into-arrays-with-max-difference,"Divide Array Into Arrays With Max Difference",Medium,78.7%,25.0%
3160,https://leetcode.com/problems/find-the-number-of-distinct-colors-among-the-balls,"Find the Number of Distinct Colors Among the Balls",Medium,54.2%,25.0%
3170,https://leetcode.com/problems/lexicographically-minimum-string-after-removing-stars,"Lexicographically Minimum String After Removing Stars",Medium,50.9%,25.0%
3174,https://leetcode.com/problems/clear-digits,"Clear Digits",Easy,82.5%,25.0%
3191,https://leetcode.com/problems/minimum-operations-to-make-binary-array-elements-equal-to-one-i,"Minimum Operations to Make Binary Array Elements Equal to One I",Medium,80.5%,25.0%
3234,https://leetcode.com/problems/count-the-number-of-substrings-with-dominant-ones,"Count the Number of Substrings With Dominant Ones",Medium,17.2%,25.0%
3304,https://leetcode.com/problems/find-the-k-th-character-in-string-game-i,"Find the K-th Character in String Game I",Easy,81.7%,25.0%
3307,https://leetcode.com/problems/find-the-k-th-character-in-string-game-ii,"Find the K-th Character in String Game II",Hard,48.8%,25.0%
3330,https://leetcode.com/problems/find-the-original-typed-string-i,"Find the Original Typed String I",Easy,72.0%,25.0%
3333,https://leetcode.com/problems/find-the-original-typed-string-ii,"Find the Original Typed String II",Hard,46.4%,25.0%
3335,https://leetcode.com/problems/total-characters-in-string-after-transformations-i,"Total Characters in String After Transformations I",Medium,45.8%,25.0%
3355,https://leetcode.com/problems/zero-array-transformation-i,"Zero Array Transformation I",Medium,54.4%,25.0%
3356,https://leetcode.com/problems/zero-array-transformation-ii,"Zero Array Transformation II",Medium,43.6%,25.0%
3394,https://leetcode.com/problems/check-if-grid-can-be-cut-into-sections,"Check if Grid can be Cut into Sections",Medium,68.4%,25.0%
3440,https://leetcode.com/problems/reschedule-meetings-for-maximum-free-time-ii,"Reschedule Meetings for Maximum Free Time II",Medium,60.6%,25.0%
3442,https://leetcode.com/problems/maximum-difference-between-even-and-odd-frequency-i,"Maximum Difference Between Even and Odd Frequency I",Easy,61.3%,25.0%
30,https://leetcode.com/problems/substring-with-concatenation-of-all-words,"Substring with Concatenation of All Words",Hard,34.3%,23.1%
37,https://leetcode.com/problems/sudoku-solver,"Sudoku Solver",Hard,65.4%,23.1%
44,https://leetcode.com/problems/wildcard-matching,"Wildcard Matching",Hard,31.8%,23.1%
71,https://leetcode.com/problems/simplify-path,"Simplify Path",Medium,50.4%,23.1%
80,https://leetcode.com/problems/remove-duplicates-from-sorted-array-ii,"Remove Duplicates from Sorted Array II",Medium,64.6%,23.1%
93,https://leetcode.com/problems/restore-ip-addresses,"Restore IP Addresses",Medium,55.8%,23.1%
94,https://leetcode.com/problems/binary-tree-inorder-traversal,"Binary Tree Inorder Traversal",Easy,80.0%,23.1%
96,https://leetcode.com/problems/unique-binary-search-trees,"Unique Binary Search Trees",Medium,63.6%,23.1%
101,https://leetcode.com/problems/symmetric-tree,"Symmetric Tree",Easy,61.1%,23.1%
120,https://leetcode.com/problems/triangle,"Triangle",Medium,59.9%,23.1%
172,https://leetcode.com/problems/factorial-trailing-zeroes,"Factorial Trailing Zeroes",Medium,46.6%,23.1%
180,https://leetcode.com/problems/consecutive-numbers,"Consecutive Numbers",Medium,48.2%,23.1%
184,https://leetcode.com/problems/department-highest-salary,"Department Highest Salary",Medium,57.9%,23.1%
191,https://leetcode.com/problems/number-of-1-bits,"Number of 1 Bits",Easy,76.7%,23.1%
221,https://leetcode.com/problems/maximal-square,"Maximal Square",Medium,50.2%,23.1%
226,https://leetcode.com/problems/invert-binary-tree,"Invert Binary Tree",Easy,80.0%,23.1%
228,https://leetcode.com/problems/summary-ranges,"Summary Ranges",Easy,54.1%,23.1%
235,https://leetcode.com/problems/lowest-common-ancestor-of-a-binary-search-tree,"Lowest Common Ancestor of a Binary Search Tree",Medium,70.5%,23.1%
299,https://leetcode.com/problems/bulls-and-cows,"Bulls and Cows",Medium,52.4%,23.1%
304,https://leetcode.com/problems/range-sum-query-2d-immutable,"Range Sum Query 2D - Immutable",Medium,58.2%,23.1%
316,https://leetcode.com/problems/remove-duplicate-letters,"Remove Duplicate Letters",Medium,53.1%,23.1%
348,https://leetcode.com/problems/design-tic-tac-toe,"Design Tic-Tac-Toe",Medium,58.8%,23.1%
355,https://leetcode.com/problems/design-twitter,"Design Twitter",Medium,44.5%,23.1%
371,https://leetcode.com/problems/sum-of-two-integers,"Sum of Two Integers",Medium,55.4%,23.1%
391,https://leetcode.com/problems/perfect-rectangle,"Perfect Rectangle",Hard,37.8%,23.1%
395,https://leetcode.com/problems/longest-substring-with-at-least-k-repeating-characters,"Longest Substring with At Least K Repeating Characters",Medium,46.2%,23.1%
402,https://leetcode.com/problems/remove-k-digits,"Remove K Digits",Medium,36.7%,23.1%
417,https://leetcode.com/problems/pacific-atlantic-water-flow,"Pacific Atlantic Water Flow",Medium,60.8%,23.1%
441,https://leetcode.com/problems/arranging-coins,"Arranging Coins",Easy,48.1%,23.1%
445,https://leetcode.com/problems/add-two-numbers-ii,"Add Two Numbers II",Medium,62.6%,23.1%
494,https://leetcode.com/problems/target-sum,"Target Sum",Medium,52.1%,23.1%
502,https://leetcode.com/problems/ipo,"IPO",Hard,53.5%,23.1%
504,https://leetcode.com/problems/base-7,"Base 7",Easy,54.4%,23.1%
530,https://leetcode.com/problems/minimum-absolute-difference-in-bst,"Minimum Absolute Difference in BST",Easy,59.3%,23.1%
556,https://leetcode.com/problems/next-greater-element-iii,"Next Greater Element III",Medium,35.3%,23.1%
599,https://leetcode.com/problems/minimum-index-sum-of-two-lists,"Minimum Index Sum of Two Lists",Easy,59.7%,23.1%
610,https://leetcode.com/problems/triangle-judgement,"Triangle Judgement",Easy,74.7%,23.1%
622,https://leetcode.com/problems/design-circular-queue,"Design Circular Queue",Medium,54.4%,23.1%
626,https://leetcode.com/problems/exchange-seats,"Exchange Seats",Medium,74.1%,23.1%
695,https://leetcode.com/problems/max-area-of-island,"Max Area of Island",Medium,73.9%,23.1%
706,https://leetcode.com/problems/design-hashmap,"Design HashMap",Easy,66.5%,23.1%
743,https://leetcode.com/problems/network-delay-time,"Network Delay Time",Medium,60.2%,23.1%
756,https://leetcode.com/problems/pyramid-transition-matrix,"Pyramid Transition Matrix",Medium,60.6%,23.1%
790,https://leetcode.com/problems/domino-and-tromino-tiling,"Domino and Tromino Tiling",Medium,51.4%,23.1%
797,https://leetcode.com/problems/all-paths-from-source-to-target,"All Paths From Source to Target",Medium,83.6%,23.1%
844,https://leetcode.com/problems/backspace-string-compare,"Backspace String Compare",Easy,49.9%,23.1%
860,https://leetcode.com/problems/lemonade-change,"Lemonade Change",Easy,59.1%,23.1%
961,https://leetcode.com/problems/n-repeated-element-in-size-2n-array,"N-Repeated Element in Size 2N Array",Easy,79.9%,23.1%
990,https://leetcode.com/problems/satisfiability-of-equality-equations,"Satisfiability of Equality Equations",Medium,51.8%,23.1%
1028,https://leetcode.com/problems/recover-a-tree-from-preorder-traversal,"Recover a Tree From Preorder Traversal",Hard,83.2%,23.1%
1143,https://leetcode.com/problems/longest-common-subsequence,"Longest Common Subsequence",Medium,59.1%,23.1%
1146,https://leetcode.com/problems/snapshot-array,"Snapshot Array",Medium,36.7%,23.1%
1174,https://leetcode.com/problems/immediate-food-delivery-ii,"Immediate Food Delivery II",Medium,55.9%,23.1%
1209,https://leetcode.com/problems/remove-all-adjacent-duplicates-in-string-ii,"Remove All Adjacent Duplicates in String II",Medium,61.2%,23.1%
1268,https://leetcode.com/problems/search-suggestions-system,"Search Suggestions System",Medium,65.2%,23.1%
1277,https://leetcode.com/problems/count-square-submatrices-with-all-ones,"Count Square Submatrices with All Ones",Medium,80.7%,23.1%
1280,https://leetcode.com/problems/students-and-examinations,"Students and Examinations",Easy,61.1%,23.1%
1283,https://leetcode.com/problems/find-the-smallest-divisor-given-a-threshold,"Find the Smallest Divisor Given a Threshold",Medium,65.8%,23.1%
1293,https://leetcode.com/problems/shortest-path-in-a-grid-with-obstacles-elimination,"Shortest Path in a Grid with Obstacles Elimination",Hard,46.2%,23.1%
1319,https://leetcode.com/problems/number-of-operations-to-make-network-connected,"Number of Operations to Make Network Connected",Medium,66.4%,23.1%
1365,https://leetcode.com/problems/how-many-numbers-are-smaller-than-the-current-number,"How Many Numbers Are Smaller Than the Current Number",Easy,87.4%,23.1%
1373,https://leetcode.com/problems/maximum-sum-bst-in-binary-tree,"Maximum Sum BST in Binary Tree",Hard,47.1%,23.1%
1381,https://leetcode.com/problems/design-a-stack-with-increment-operation,"Design a Stack With Increment Operation",Medium,79.9%,23.1%
1392,https://leetcode.com/problems/longest-happy-prefix,"Longest Happy Prefix",Hard,52.9%,23.1%
1411,https://leetcode.com/problems/number-of-ways-to-paint-n-3-grid,"Number of Ways to Paint N × 3 Grid",Hard,80.5%,23.1%
1456,https://leetcode.com/problems/maximum-number-of-vowels-in-a-substring-of-given-length,"Maximum Number of Vowels in a Substring of Given Length",Medium,61.8%,23.1%
1461,https://leetcode.com/problems/check-if-a-string-contains-all-binary-codes-of-size-k,"Check If a String Contains All Binary Codes of Size K",Medium,61.6%,23.1%
1475,https://leetcode.com/problems/final-prices-with-a-special-discount-in-a-shop,"Final Prices With a Special Discount in a Shop",Easy,84.1%,23.1%
1559,https://leetcode.com/problems/detect-cycles-in-2d-grid,"Detect Cycles in 2D Grid",Medium,52.9%,23.1%
1572,https://leetcode.com/problems/matrix-diagonal-sum,"Matrix Diagonal Sum",Easy,84.2%,23.1%
1594,https://leetcode.com/problems/maximum-non-negative-product-in-a-matrix,"Maximum Non Negative Product in a Matrix",Medium,51.6%,23.1%
1603,https://leetcode.com/problems/design-parking-system,"Design Parking System",Easy,87.2%,23.1%
1622,https://leetcode.com/problems/fancy-sequence,"Fancy Sequence",Hard,41.4%,23.1%
1661,https://leetcode.com/problems/average-time-of-process-per-machine,"Average Time of Process per Machine",Easy,66.8%,23.1%
1667,https://leetcode.com/problems/fix-names-in-a-table,"Fix Names in a Table",Easy,60.6%,23.1%
1680,https://leetcode.com/problems/concatenation-of-consecutive-binary-numbers,"Concatenation of Consecutive Binary Numbers",Medium,66.6%,23.1%
1685,https://leetcode.com/problems/sum-of-absolute-differences-in-a-sorted-array,"Sum of Absolute Differences in a Sorted Array",Medium,68.4%,23.1%
1727,https://leetcode.com/problems/largest-submatrix-with-rearrangements,"Largest Submatrix With Rearrangements",Medium,80.2%,23.1%
1791,https://leetcode.com/problems/find-center-of-star-graph,"Find Center of Star Graph",Easy,86.6%,23.1%
1888,https://leetcode.com/problems/minimum-number-of-flips-to-make-the-binary-string-alternating,"Minimum Number of Flips to Make the Binary String Alternating",Medium,53.5%,23.1%
1895,https://leetcode.com/problems/largest-magic-square,"Largest Magic Square",Medium,75.2%,23.1%
1901,https://leetcode.com/problems/find-a-peak-element-ii,"Find a Peak Element II",Medium,54.7%,23.1%
1903,https://leetcode.com/problems/largest-odd-number-in-string,"Largest Odd Number in String",Easy,67.3%,23.1%
1922,https://leetcode.com/problems/count-good-numbers,"Count Good Numbers",Medium,57.6%,23.1%
1934,https://leetcode.com/problems/confirmation-rate,"Confirmation Rate",Medium,61.9%,23.1%
2333,https://leetcode.com/problems/minimum-sum-of-squared-difference,"Minimum Sum of Squared Difference",Medium,26.8%,23.1%
2413,https://leetcode.com/problems/smallest-even-multiple,"Smallest Even Multiple",Easy,88.3%,23.1%
2615,https://leetcode.com/problems/sum-of-distances,"Sum of Distances",Medium,50.1%,23.1%
2620,https://leetcode.com/problems/counter,"Counter",Easy,82.4%,23.1%
2860,https://leetcode.com/problems/happy-students,"Happy Students",Medium,51.0%,23.1%
2976,https://leetcode.com/problems/minimum-cost-to-convert-string-i,"Minimum Cost to Convert String I",Medium,63.2%,23.1%
3026,https://leetcode.com/problems/maximum-good-subarray-sum,"Maximum Good Subarray Sum",Medium,21.7%,23.1%
3190,https://leetcode.com/problems/find-minimum-operations-to-make-all-elements-divisible-by-three,"Find Minimum Operations to Make All Elements Divisible by Three",Easy,90.8%,23.1%
3201,https://leetcode.com/problems/find-the-maximum-length-of-valid-subsequence-i,"Find the Maximum Length of Valid Subsequence I",Medium,54.9%,23.1%
3314,https://leetcode.com/problems/construct-the-minimum-bitwise-array-i,"Construct the Minimum Bitwise Array I",Easy,85.2%,23.1%
3315,https://leetcode.com/problems/construct-the-minimum-bitwise-array-ii,"Construct the Minimum Bitwise Array II",Medium,66.5%,23.1%
3318,https://leetcode.com/problems/find-x-sum-of-all-k-long-subarrays-i,"Find X-Sum of All K-Long Subarrays I",Easy,76.0%,23.1%
3418,https://leetcode.com/problems/maximum-amount-of-money-robot-can-earn,"Maximum Amount of Money Robot Can Earn",Medium,47.8%,23.1%
3454,https://leetcode.com/problems/separate-squares-ii,"Separate Squares II",Hard,59.7%,23.1%
3488,https://leetcode.com/problems/closest-equal-element-queries,"Closest Equal Element Queries",Medium,51.4%,23.1%
3637,https://leetcode.com/problems/trionic-array-i,"Trionic Array I",Easy,49.5%,23.1%
3651,https://leetcode.com/problems/minimum-cost-path-with-teleportations,"Minimum Cost Path with Teleportations",Hard,45.6%,23.1%
3652,https://leetcode.com/problems/best-time-to-buy-and-sell-stock-using-strategy,"Best Time to Buy and Sell Stock using Strategy",Medium,59.8%,23.1%
3655,https://leetcode.com/problems/xor-after-range-multiplication-queries-ii,"XOR After Range Multiplication Queries II",Hard,47.7%,23.1%
3719,https://leetcode.com/problems/longest-balanced-subarray-i,"Longest Balanced Subarray I",Medium,65.6%,23.1%
3721,https://leetcode.com/problems/longest-balanced-subarray-ii,"Longest Balanced Subarray II",Hard,33.8%,23.1%
3761,https://leetcode.com/problems/minimum-absolute-distance-between-mirror-pairs,"Minimum Absolute Distance Between Mirror Pairs",Medium,59.3%,23.1%
3863,https://leetcode.com/problems/minimum-operations-to-sort-a-string,"Minimum Operations to Sort a String",Medium,18.8%,23.1%
68,https://leetcode.com/problems/text-justification,"Text Justification",Hard,50.9%,16.2%
89,https://leetcode.com/problems/gray-code,"Gray Code",Medium,64.7%,16.2%
106,https://leetcode.com/problems/construct-binary-tree-from-inorder-and-postorder-traversal,"Construct Binary Tree from Inorder and Postorder Traversal",Medium,68.5%,16.2%
107,https://leetcode.com/problems/binary-tree-level-order-traversal-ii,"Binary Tree Level Order Traversal II",Medium,68.1%,16.2%
108,https://leetcode.com/problems/convert-sorted-array-to-binary-search-tree,"Convert Sorted Array to Binary Search Tree",Easy,75.5%,16.2%
109,https://leetcode.com/problems/convert-sorted-list-to-binary-search-tree,"Convert Sorted List to Binary Search Tree",Medium,66.4%,16.2%
123,https://leetcode.com/problems/best-time-to-buy-and-sell-stock-iii,"Best Time to Buy and Sell Stock III",Hard,53.6%,16.2%
126,https://leetcode.com/problems/word-ladder-ii,"Word Ladder II",Hard,27.6%,16.2%
129,https://leetcode.com/problems/sum-root-to-leaf-numbers,"Sum Root to Leaf Numbers",Medium,69.9%,16.2%
144,https://leetcode.com/problems/binary-tree-preorder-traversal,"Binary Tree Preorder Traversal",Easy,75.6%,16.2%
173,https://leetcode.com/problems/binary-search-tree-iterator,"Binary Search Tree Iterator",Medium,76.4%,16.2%
193,https://leetcode.com/problems/valid-phone-numbers,"Valid Phone Numbers",Easy,29.5%,16.2%
216,https://leetcode.com/problems/combination-sum-iii,"Combination Sum III",Medium,73.2%,16.2%
223,https://leetcode.com/problems/rectangle-area,"Rectangle Area",Medium,49.4%,16.2%
232,https://leetcode.com/problems/implement-queue-using-stacks,"Implement Queue using Stacks",Easy,69.7%,16.2%
233,https://leetcode.com/problems/number-of-digit-one,"Number of Digit One",Hard,38.5%,16.2%
252,https://leetcode.com/problems/meeting-rooms,"Meeting Rooms",Easy,59.4%,16.2%
256,https://leetcode.com/problems/paint-house,"Paint House",Medium,64.4%,16.2%
257,https://leetcode.com/problems/binary-tree-paths,"Binary Tree Paths",Easy,68.5%,16.2%
273,https://leetcode.com/problems/integer-to-english-words,"Integer to English Words",Hard,35.0%,16.2%
290,https://leetcode.com/problems/word-pattern,"Word Pattern",Easy,44.0%,16.2%
309,https://leetcode.com/problems/best-time-to-buy-and-sell-stock-with-cooldown,"Best Time to Buy and Sell Stock with Cooldown",Medium,62.0%,16.2%
326,https://leetcode.com/problems/power-of-three,"Power of Three",Easy,51.0%,16.2%
327,https://leetcode.com/problems/count-of-range-sum,"Count of Range Sum",Hard,38.7%,16.2%
338,https://leetcode.com/problems/counting-bits,"Counting Bits",Easy,80.5%,16.2%
350,https://leetcode.com/problems/intersection-of-two-arrays-ii,"Intersection of Two Arrays II",Easy,59.8%,16.2%
363,https://leetcode.com/problems/max-sum-of-rectangle-no-larger-than-k,"Max Sum of Rectangle No Larger Than K",Hard,45.5%,16.2%
368,https://leetcode.com/problems/largest-divisible-subset,"Largest Divisible Subset",Medium,49.6%,16.2%
378,https://leetcode.com/problems/kth-smallest-element-in-a-sorted-matrix,"Kth Smallest Element in a Sorted Matrix",Medium,64.6%,16.2%
385,https://leetcode.com/problems/mini-parser,"Mini Parser",Medium,42.4%,16.2%
403,https://leetcode.com/problems/frog-jump,"Frog Jump",Hard,47.2%,16.2%
407,https://leetcode.com/problems/trapping-rain-water-ii,"Trapping Rain Water II",Hard,64.1%,16.2%
413,https://leetcode.com/problems/arithmetic-slices,"Arithmetic Slices",Medium,64.8%,16.2%
415,https://leetcode.com/problems/add-strings,"Add Strings",Easy,52.1%,16.2%
442,https://leetcode.com/problems/find-all-duplicates-in-an-array,"Find All Duplicates in an Array",Medium,76.9%,16.2%
449,https://leetcode.com/problems/serialize-and-deserialize-bst,"Serialize and Deserialize BST",Medium,59.6%,16.2%
463,https://leetcode.com/problems/island-perimeter,"Island Perimeter",Easy,74.4%,16.2%
501,https://leetcode.com/problems/find-mode-in-binary-search-tree,"Find Mode in Binary Search Tree",Easy,58.8%,16.2%
507,https://leetcode.com/problems/perfect-number,"Perfect Number",Easy,48.6%,16.2%
542,https://leetcode.com/problems/01-matrix,"01 Matrix",Medium,53.7%,16.2%
554,https://leetcode.com/problems/brick-wall,"Brick Wall",Medium,56.0%,16.2%
569,https://leetcode.com/problems/median-employee-salary,"Median Employee Salary",Hard,65.9%,16.2%
572,https://leetcode.com/problems/subtree-of-another-tree,"Subtree of Another Tree",Easy,51.5%,16.2%
577,https://leetcode.com/problems/employee-bonus,"Employee Bonus",Easy,77.4%,16.2%
628,https://leetcode.com/problems/maximum-product-of-three-numbers,"Maximum Product of Three Numbers",Easy,45.9%,16.2%
633,https://leetcode.com/problems/sum-of-square-numbers,"Sum of Square Numbers",Medium,36.8%,16.2%
643,https://leetcode.com/problems/maximum-average-subarray-i,"Maximum Average Subarray I",Easy,47.6%,16.2%
646,https://leetcode.com/problems/maximum-length-of-pair-chain,"Maximum Length of Pair Chain",Medium,61.7%,16.2%
647,https://leetcode.com/problems/palindromic-substrings,"Palindromic Substrings",Medium,72.7%,16.2%
693,https://leetcode.com/problems/binary-number-with-alternating-bits,"Binary Number with Alternating Bits",Easy,69.9%,16.2%
719,https://leetcode.com/problems/find-k-th-smallest-pair-distance,"Find K-th Smallest Pair Distance",Hard,46.5%,16.2%
725,https://leetcode.com/problems/split-linked-list-in-parts,"Split Linked List in Parts",Medium,70.5%,16.2%
726,https://leetcode.com/problems/number-of-atoms,"Number of Atoms",Hard,65.1%,16.2%
740,https://leetcode.com/problems/delete-and-earn,"Delete and Earn",Medium,57.2%,16.2%
761,https://leetcode.com/problems/special-binary-string,"Special Binary String",Hard,79.3%,16.2%
763,https://leetcode.com/problems/partition-labels,"Partition Labels",Medium,81.9%,16.2%
804,https://leetcode.com/problems/unique-morse-code-words,"Unique Morse Code Words",Easy,83.6%,16.2%
817,https://leetcode.com/problems/linked-list-components,"Linked List Components",Medium,57.9%,16.2%
839,https://leetcode.com/problems/similar-string-groups,"Similar String Groups",Hard,56.2%,16.2%
855,https://leetcode.com/problems/exam-room,"Exam Room",Medium,43.4%,16.2%
868,https://leetcode.com/problems/binary-gap,"Binary Gap",Easy,74.3%,16.2%
878,https://leetcode.com/problems/nth-magical-number,"Nth Magical Number",Hard,36.6%,16.2%
879,https://leetcode.com/problems/profitable-schemes,"Profitable Schemes",Hard,48.3%,16.2%
886,https://leetcode.com/problems/possible-bipartition,"Possible Bipartition",Medium,52.5%,16.2%
896,https://leetcode.com/problems/monotonic-array,"Monotonic Array",Easy,62.3%,16.2%
905,https://leetcode.com/problems/sort-array-by-parity,"Sort Array By Parity",Easy,76.5%,16.2%
912,https://leetcode.com/problems/sort-an-array,"Sort an Array",Medium,55.9%,16.2%
945,https://leetcode.com/problems/minimum-increment-to-make-array-unique,"Minimum Increment to Make Array Unique",Medium,60.6%,16.2%
950,https://leetcode.com/problems/reveal-cards-in-increasing-order,"Reveal Cards In Increasing Order",Medium,83.5%,16.2%
960,https://leetcode.com/problems/delete-columns-to-make-sorted-iii,"Delete Columns to Make Sorted III",Hard,72.6%,16.2%
962,https://leetcode.com/problems/maximum-width-ramp,"Maximum Width Ramp",Medium,55.9%,16.2%
968,https://leetcode.com/problems/binary-tree-cameras,"Binary Tree Cameras",Hard,47.9%,16.2%
974,https://leetcode.com/problems/subarray-sums-divisible-by-k,"Subarray Sums Divisible by K",Medium,56.2%,16.2%
979,https://leetcode.com/problems/distribute-coins-in-binary-tree,"Distribute Coins in Binary Tree",Medium,77.3%,16.2%
988,https://leetcode.com/problems/smallest-string-starting-from-leaf,"Smallest String Starting From Leaf",Medium,61.2%,16.2%
1000,https://leetcode.com/problems/minimum-cost-to-merge-stones,"Minimum Cost to Merge Stones",Hard,46.0%,16.2%
1013,https://leetcode.com/problems/partition-array-into-three-parts-with-equal-sum,"Partition Array Into Three Parts With Equal Sum",Easy,42.7%,16.2%
1019,https://leetcode.com/problems/next-greater-node-in-linked-list,"Next Greater Node In Linked List",Medium,64.2%,16.2%
1021,https://leetcode.com/problems/remove-outermost-parentheses,"Remove Outermost Parentheses",Easy,87.0%,16.2%
1027,https://leetcode.com/problems/longest-arithmetic-subsequence,"Longest Arithmetic Subsequence",Medium,49.9%,16.2%
1029,https://leetcode.com/problems/two-city-scheduling,"Two City Scheduling",Medium,68.5%,16.2%
1043,https://leetcode.com/problems/partition-array-for-maximum-sum,"Partition Array for Maximum Sum",Medium,77.3%,16.2%
1047,https://leetcode.com/problems/remove-all-adjacent-duplicates-in-string,"Remove All Adjacent Duplicates In String",Easy,73.1%,16.2%
1049,https://leetcode.com/problems/last-stone-weight-ii,"Last Stone Weight II",Medium,59.7%,16.2%
1050,https://leetcode.com/problems/actors-and-directors-who-cooperated-at-least-three-times,"Actors and Directors Who Cooperated At Least Three Times",Easy,71.1%,16.2%
1071,https://leetcode.com/problems/greatest-common-divisor-of-strings,"Greatest Common Divisor of Strings",Easy,53.7%,16.2%
1158,https://leetcode.com/problems/market-analysis-i,"Market Analysis I",Medium,57.3%,16.2%
1162,https://leetcode.com/problems/as-far-from-land-as-possible,"As Far from Land as Possible",Medium,52.3%,16.2%
1164,https://leetcode.com/problems/product-price-at-a-given-date,"Product Price at a Given Date",Medium,57.8%,16.2%
1166,https://leetcode.com/problems/design-file-system,"Design File System",Medium,65.1%,16.2%
1207,https://leetcode.com/problems/unique-number-of-occurrences,"Unique Number of Occurrences",Easy,78.7%,16.2%
1211,https://leetcode.com/problems/queries-quality-and-percentage,"Queries Quality and Percentage",Easy,52.9%,16.2%
1219,https://leetcode.com/problems/path-with-maximum-gold,"Path with Maximum Gold",Medium,68.4%,16.2%
1228,https://leetcode.com/problems/missing-number-in-arithmetic-progression,"Missing Number In Arithmetic Progression",Easy,52.2%,16.2%
1235,https://leetcode.com/problems/maximum-profit-in-job-scheduling,"Maximum Profit in Job Scheduling",Hard,54.7%,16.2%
1236,https://leetcode.com/problems/web-crawler,"Web Crawler",Medium,68.8%,16.2%
1248,https://leetcode.com/problems/count-number-of-nice-subarrays,"Count Number of Nice Subarrays",Medium,75.0%,16.2%
1251,https://leetcode.com/problems/average-selling-price,"Average Selling Price",Easy,37.3%,16.2%
1262,https://leetcode.com/problems/greatest-sum-divisible-by-three,"Greatest Sum Divisible by Three",Medium,57.0%,16.2%
1299,https://leetcode.com/problems/replace-elements-with-greatest-element-on-right-side,"Replace Elements with Greatest Element on Right Side",Easy,72.1%,16.2%
1342,https://leetcode.com/problems/number-of-steps-to-reduce-a-number-to-zero,"Number of Steps to Reduce a Number to Zero",Easy,85.8%,16.2%
1351,https://leetcode.com/problems/count-negative-numbers-in-a-sorted-matrix,"Count Negative Numbers in a Sorted Matrix",Easy,79.6%,16.2%
1356,https://leetcode.com/problems/sort-integers-by-the-number-of-1-bits,"Sort Integers by The Number of 1 Bits",Easy,82.3%,16.2%
1429,https://leetcode.com/problems/first-unique-number,"First Unique Number",Medium,57.4%,16.2%
1448,https://leetcode.com/problems/count-good-nodes-in-binary-tree,"Count Good Nodes in Binary Tree",Medium,73.8%,16.2%
1472,https://leetcode.com/problems/design-browser-history,"Design Browser History",Medium,78.3%,16.2%
1488,https://leetcode.com/problems/avoid-flood-in-the-city,"Avoid Flood in The City",Medium,39.0%,16.2%
1512,https://leetcode.com/problems/number-of-good-pairs,"Number of Good Pairs",Easy,89.8%,16.2%
1536,https://leetcode.com/problems/minimum-swaps-to-arrange-a-binary-grid,"Minimum Swaps to Arrange a Binary Grid",Medium,70.1%,16.2%
1545,https://leetcode.com/problems/find-kth-bit-in-nth-binary-string,"Find Kth Bit in Nth Binary String",Medium,73.7%,16.2%
1547,https://leetcode.com/problems/minimum-cost-to-cut-a-stick,"Minimum Cost to Cut a Stick",Hard,63.0%,16.2%
1552,https://leetcode.com/problems/magnetic-force-between-two-balls,"Magnetic Force Between Two Balls",Medium,72.0%,16.2%
1574,https://leetcode.com/problems/shortest-subarray-to-be-removed-to-make-array-sorted,"Shortest Subarray to be Removed to Make Array Sorted",Medium,51.3%,16.2%
1658,https://leetcode.com/problems/minimum-operations-to-reduce-x-to-zero,"Minimum Operations to Reduce X to Zero",Medium,40.5%,16.2%
1672,https://leetcode.com/problems/richest-customer-wealth,"Richest Customer Wealth",Easy,88.7%,16.2%
1679,https://leetcode.com/problems/max-number-of-k-sum-pairs,"Max Number of K-Sum Pairs",Medium,57.0%,16.2%
1689,https://leetcode.com/problems/partitioning-into-minimum-number-of-deci-binary-numbers,"Partitioning Into Minimum Number Of Deci-Binary Numbers",Medium,90.4%,16.2%
1693,https://leetcode.com/problems/daily-leads-and-partners,"Daily Leads and Partners",Easy,86.7%,16.2%
1721,https://leetcode.com/problems/swapping-nodes-in-a-linked-list,"Swapping Nodes in a Linked List",Medium,69.4%,16.2%
1729,https://leetcode.com/problems/find-followers-count,"Find Followers Count",Easy,69.6%,16.2%
1776,https://leetcode.com/problems/car-fleet-ii,"Car Fleet II",Hard,57.8%,16.2%
1784,https://leetcode.com/problems/check-if-binary-string-has-at-most-one-segment-of-ones,"Check if Binary String Has at Most One Segment of Ones",Easy,49.1%,16.2%
1822,https://leetcode.com/problems/sign-of-the-product-of-an-array,"Sign of the Product of an Array",Easy,64.8%,16.2%
1854,https://leetcode.com/problems/maximum-population-year,"Maximum Population Year",Easy,63.9%,16.2%
1856,https://leetcode.com/problems/maximum-subarray-min-product,"Maximum Subarray Min-Product",Medium,40.3%,16.2%
1863,https://leetcode.com/problems/sum-of-all-subset-xor-totals,"Sum of All Subset XOR Totals",Easy,90.1%,16.2%
1886,https://leetcode.com/problems/determine-whether-matrix-can-be-obtained-by-rotation,"Determine Whether Matrix Can Be Obtained By Rotation",Easy,68.2%,16.2%
1907,https://leetcode.com/problems/count-salary-categories,"Count Salary Categories",Medium,64.3%,16.2%
1912,https://leetcode.com/problems/design-movie-rental-system,"Design Movie Rental System",Hard,62.3%,16.2%
1944,https://leetcode.com/problems/number-of-visible-people-in-a-queue,"Number of Visible People in a Queue",Hard,72.9%,16.2%
1953,https://leetcode.com/problems/maximum-number-of-weeks-for-which-you-can-work,"Maximum Number of Weeks for Which You Can Work",Medium,42.4%,16.2%
2050,https://leetcode.com/problems/parallel-courses-iii,"Parallel Courses III",Hard,66.8%,16.2%
2064,https://leetcode.com/problems/minimized-maximum-of-products-distributed-to-any-store,"Minimized Maximum of Products Distributed to Any Store",Medium,63.1%,16.2%
2071,https://leetcode.com/problems/maximum-number-of-tasks-you-can-assign,"Maximum Number of Tasks You Can Assign",Hard,50.0%,16.2%
2078,https://leetcode.com/problems/two-furthest-houses-with-different-colors,"Two Furthest Houses With Different Colors",Easy,71.8%,16.2%
2114,https://leetcode.com/problems/maximum-number-of-words-found-in-sentences,"Maximum Number of Words Found in Sentences",Easy,86.7%,16.2%
2141,https://leetcode.com/problems/maximum-running-time-of-n-computers,"Maximum Running Time of N Computers",Hard,56.4%,16.2%
2169,https://leetcode.com/problems/count-operations-to-obtain-zero,"Count Operations to Obtain Zero",Easy,79.8%,16.2%
2215,https://leetcode.com/problems/find-the-difference-of-two-arrays,"Find the Difference of Two Arrays",Easy,81.4%,16.2%
2226,https://leetcode.com/problems/maximum-candies-allocated-to-k-children,"Maximum Candies Allocated to K Children",Medium,49.9%,16.2%
2250,https://leetcode.com/problems/count-number-of-rectangles-containing-each-point,"Count Number of Rectangles Containing Each Point",Medium,37.5%,16.2%
2273,https://leetcode.com/problems/find-resultant-array-after-removing-anagrams,"Find Resultant Array After Removing Anagrams",Easy,69.9%,16.2%
2288,https://leetcode.com/problems/apply-discount-to-prices,"Apply Discount to Prices",Medium,34.1%,16.2%
2344,https://leetcode.com/problems/minimum-deletions-to-make-array-divisible,"Minimum Deletions to Make Array Divisible",Hard,61.3%,16.2%
2357,https://leetcode.com/problems/make-array-zero-by-subtracting-equal-amounts,"Make Array Zero by Subtracting Equal Amounts",Easy,73.8%,16.2%
2396,https://leetcode.com/problems/strictly-palindromic-number,"Strictly Palindromic Number",Medium,90.3%,16.2%
2401,https://leetcode.com/problems/longest-nice-subarray,"Longest Nice Subarray",Medium,64.8%,16.2%
2426,https://leetcode.com/problems/number-of-pairs-satisfying-inequality,"Number of Pairs Satisfying Inequality",Hard,47.1%,16.2%
2435,https://leetcode.com/problems/paths-in-matrix-whose-sum-is-divisible-by-k,"Paths in Matrix Whose Sum Is Divisible by K",Hard,58.8%,16.2%
2448,https://leetcode.com/problems/minimum-cost-to-make-array-equal,"Minimum Cost to Make Array Equal",Hard,46.7%,16.2%
2461,https://leetcode.com/problems/maximum-sum-of-distinct-subarrays-with-length-k,"Maximum Sum of Distinct Subarrays With Length K",Medium,43.0%,16.2%
2516,https://leetcode.com/problems/take-k-of-each-character-from-left-and-right,"Take K of Each Character From Left and Right",Medium,51.4%,16.2%
2561,https://leetcode.com/problems/rearranging-fruits,"Rearranging Fruits",Hard,57.3%,16.2%
2593,https://leetcode.com/problems/find-score-of-an-array-after-marking-all-elements,"Find Score of an Array After Marking All Elements",Medium,64.5%,16.2%
2703,https://leetcode.com/problems/return-length-of-arguments-passed,"Return Length of Arguments Passed",Easy,94.5%,16.2%
2704,https://leetcode.com/problems/to-be-or-not-to-be,"To Be Or Not To Be",Easy,63.3%,16.2%
2751,https://leetcode.com/problems/robot-collisions,"Robot Collisions",Hard,61.6%,16.2%
2769,https://leetcode.com/problems/find-the-maximum-achievable-number,"Find the Maximum Achievable Number",Easy,91.3%,16.2%
2801,https://leetcode.com/problems/count-stepping-numbers-in-range,"Count Stepping Numbers in Range",Hard,28.2%,16.2%
2840,https://leetcode.com/problems/check-if-strings-can-be-made-equal-with-operations-ii,"Check if Strings Can be Made Equal With Operations II",Medium,74.0%,16.2%
2858,https://leetcode.com/problems/minimum-edge-reversals-so-every-node-is-reachable,"Minimum Edge Reversals So Every Node Is Reachable",Hard,59.1%,16.2%
2879,https://leetcode.com/problems/display-the-first-three-rows,"Display the First Three Rows",Easy,93.0%,16.2%
2906,https://leetcode.com/problems/construct-product-matrix,"Construct Product Matrix",Medium,51.8%,16.2%
2946,https://leetcode.com/problems/matrix-similarity-after-cyclic-shifts,"Matrix Similarity After Cyclic Shifts",Easy,74.3%,16.2%
3013,https://leetcode.com/problems/divide-an-array-into-subarrays-with-minimum-cost-ii,"Divide an Array Into Subarrays With Minimum Cost II",Hard,54.7%,16.2%
3075,https://leetcode.com/problems/maximize-happiness-of-selected-children,"Maximize Happiness of Selected Children",Medium,58.7%,16.2%
3129,https://leetcode.com/problems/find-all-possible-stable-binary-arrays-i,"Find All Possible Stable Binary Arrays I",Medium,53.7%,16.2%
3130,https://leetcode.com/problems/find-all-possible-stable-binary-arrays-ii,"Find All Possible Stable Binary Arrays II",Hard,59.0%,16.2%
3212,https://leetcode.com/problems/count-submatrices-with-equal-frequency-of-x-and-y,"Count Submatrices With Equal Frequency of X and Y",Medium,69.6%,16.2%
3217,https://leetcode.com/problems/delete-nodes-from-linked-list-present-in-array,"Delete Nodes From Linked List Present in Array",Medium,69.5%,16.2%
3228,https://leetcode.com/problems/maximum-number-of-operations-to-move-ones-to-the-end,"Maximum Number of Operations to Move Ones to the End",Medium,67.1%,16.2%
3296,https://leetcode.com/problems/minimum-number-of-seconds-to-make-mountain-height-zero,"Minimum Number of Seconds to Make Mountain Height Zero",Medium,58.3%,16.2%
3371,https://leetcode.com/problems/identify-the-largest-outlier-in-an-array,"Identify the Largest Outlier in an Array",Medium,36.3%,16.2%
3428,https://leetcode.com/problems/maximum-and-minimum-sums-of-at-most-size-k-subsequences,"Maximum and Minimum Sums of at Most Size K Subsequences",Medium,21.8%,16.2%
3432,https://leetcode.com/problems/count-partitions-with-even-sum-difference,"Count Partitions with Even Sum Difference",Easy,85.2%,16.2%
3483,https://leetcode.com/problems/unique-3-digit-even-numbers,"Unique 3-Digit Even Numbers",Easy,69.6%,16.2%
3493,https://leetcode.com/problems/properties-graph,"Properties Graph",Medium,48.7%,16.2%
3507,https://leetcode.com/problems/minimum-pair-removal-to-sort-array-i,"Minimum Pair Removal to Sort Array I",Easy,65.2%,16.2%
3512,https://leetcode.com/problems/minimum-operations-to-make-array-sum-divisible-by-k,"Minimum Operations to Make Array Sum Divisible by K",Easy,92.3%,16.2%
3567,https://leetcode.com/problems/minimum-absolute-difference-in-sliding-submatrix,"Minimum Absolute Difference in Sliding Submatrix",Medium,78.8%,16.2%
3573,https://leetcode.com/problems/best-time-to-buy-and-sell-stock-v,"Best Time to Buy and Sell Stock V",Medium,60.7%,16.2%
3600,https://leetcode.com/problems/maximize-spanning-tree-stability-with-upgrades,"Maximize Spanning Tree Stability with Upgrades",Hard,66.4%,16.2%
3634,https://leetcode.com/problems/minimum-removals-to-balance-array,"Minimum Removals to Balance Array",Medium,47.8%,16.2%
3661,https://leetcode.com/problems/maximum-walls-destroyed-by-robots,"Maximum Walls Destroyed by Robots",Hard,47.9%,16.2%
3666,https://leetcode.com/problems/minimum-operations-to-equalize-binary-string,"Minimum Operations to Equalize Binary String",Hard,45.1%,16.2%
3714,https://leetcode.com/problems/longest-balanced-substring-ii,"Longest Balanced Substring II",Medium,42.0%,16.2%
3740,https://leetcode.com/problems/minimum-distance-between-three-equal-elements-i,"Minimum Distance Between Three Equal Elements I",Easy,73.5%,16.2%
3743,https://leetcode.com/problems/maximize-cyclic-partition-score,"Maximize Cyclic Partition Score",Hard,13.2%,16.2%
3795,https://leetcode.com/problems/minimum-subarray-length-with-distinct-sum-at-least-k,"Minimum Subarray Length With Distinct Sum At Least K",Medium,31.8%,16.2%
3796,https://leetcode.com/problems/find-maximum-value-in-a-constrained-sequence,"Find Maximum Value in a Constrained Sequence",Medium,62.1%,16.2%
3806,https://leetcode.com/problems/maximum-bitwise-and-after-increment-operations,"Maximum Bitwise AND After Increment Operations",Hard,31.6%,16.2%
3828,https://leetcode.com/problems/final-element-after-subarray-deletions,"Final Element After Subarray Deletions",Medium,40.4%,16.2%
40,https://leetcode.com/problems/combination-sum-ii,"Combination Sum II",Medium,57.8%,12.5%
82,https://leetcode.com/problems/remove-duplicates-from-sorted-list-ii,"Remove Duplicates from Sorted List II",Medium,50.0%,12.5%
87,https://leetcode.com/problems/scramble-string,"Scramble String",Hard,42.3%,12.5%
95,https://leetcode.com/problems/unique-binary-search-trees-ii,"Unique Binary Search Trees II",Medium,60.6%,12.5%
117,https://leetcode.com/problems/populating-next-right-pointers-in-each-node-ii,"Populating Next Right Pointers in Each Node II",Medium,55.7%,12.5%
119,https://leetcode.com/problems/pascals-triangle-ii,"Pascal's Triangle II",Easy,66.1%,12.5%
132,https://leetcode.com/problems/palindrome-partitioning-ii,"Palindrome Partitioning II",Hard,35.4%,12.5%
164,https://leetcode.com/problems/maximum-gap,"Maximum Gap",Medium,49.5%,12.5%
171,https://leetcode.com/problems/excel-sheet-column-number,"Excel Sheet Column Number",Easy,65.9%,12.5%
196,https://leetcode.com/problems/delete-duplicate-emails,"Delete Duplicate Emails",Easy,64.4%,12.5%
218,https://leetcode.com/problems/the-skyline-problem,"The Skyline Problem",Hard,44.0%,12.5%
222,https://leetcode.com/problems/count-complete-tree-nodes,"Count Complete Tree Nodes",Easy,70.2%,12.5%
241,https://leetcode.com/problems/different-ways-to-add-parentheses,"Different Ways to Add Parentheses",Medium,72.4%,12.5%
243,https://leetcode.com/problems/shortest-word-distance,"Shortest Word Distance",Easy,66.0%,12.5%
262,https://leetcode.com/problems/trips-and-users,"Trips and Users",Hard,37.0%,12.5%
282,https://leetcode.com/problems/expression-add-operators,"Expression Add Operators",Hard,41.8%,12.5%
298,https://leetcode.com/problems/binary-tree-longest-consecutive-sequence,"Binary Tree Longest Consecutive Sequence",Medium,54.1%,12.5%
305,https://leetcode.com/problems/number-of-islands-ii,"Number of Islands II",Hard,40.1%,12.5%
308,https://leetcode.com/problems/range-sum-query-2d-mutable,"Range Sum Query 2D - Mutable",Medium,44.9%,12.5%
321,https://leetcode.com/problems/create-maximum-number,"Create Maximum Number",Hard,32.6%,12.5%
324,https://leetcode.com/problems/wiggle-sort-ii,"Wiggle Sort II",Medium,35.7%,12.5%
325,https://leetcode.com/problems/maximum-size-subarray-sum-equals-k,"Maximum Size Subarray Sum Equals k",Medium,50.6%,12.5%
366,https://leetcode.com/problems/find-leaves-of-binary-tree,"Find Leaves of Binary Tree",Medium,81.1%,12.5%
381,https://leetcode.com/problems/insert-delete-getrandom-o1-duplicates-allowed,"Insert Delete GetRandom O(1) - Duplicates allowed",Hard,35.8%,12.5%
397,https://leetcode.com/problems/integer-replacement,"Integer Replacement",Medium,36.6%,12.5%
426,https://leetcode.com/problems/convert-binary-search-tree-to-sorted-doubly-linked-list,"Convert Binary Search Tree to Sorted Doubly Linked List",Medium,65.6%,12.5%
427,https://leetcode.com/problems/construct-quad-tree,"Construct Quad Tree",Medium,77.2%,12.5%
429,https://leetcode.com/problems/n-ary-tree-level-order-traversal,"N-ary Tree Level Order Traversal",Medium,71.3%,12.5%
459,https://leetcode.com/problems/repeated-substring-pattern,"Repeated Substring Pattern",Easy,47.0%,12.5%
464,https://leetcode.com/problems/can-i-win,"Can I Win",Medium,30.4%,12.5%
489,https://leetcode.com/problems/robot-room-cleaner,"Robot Room Cleaner",Hard,77.6%,12.5%
589,https://leetcode.com/problems/n-ary-tree-preorder-traversal,"N-ary Tree Preorder Traversal",Easy,76.3%,12.5%
609,https://leetcode.com/problems/find-duplicate-file-in-system,"Find Duplicate File in System",Medium,67.6%,12.5%
611,https://leetcode.com/problems/valid-triangle-number,"Valid Triangle Number",Medium,52.5%,12.5%
617,https://leetcode.com/problems/merge-two-binary-trees,"Merge Two Binary Trees",Easy,78.7%,12.5%
627,https://leetcode.com/problems/swap-salary,"Swap Salary",Easy,84.1%,12.5%
630,https://leetcode.com/problems/course-schedule-iii,"Course Schedule III",Hard,40.7%,12.5%
631,https://leetcode.com/problems/design-excel-sum-formula,"Design Excel Sum Formula",Hard,42.3%,12.5%
637,https://leetcode.com/problems/average-of-levels-in-binary-tree,"Average of Levels in Binary Tree",Easy,74.2%,12.5%
649,https://leetcode.com/problems/dota2-senate,"Dota2 Senate",Medium,49.0%,12.5%
652,https://leetcode.com/problems/find-duplicate-subtrees,"Find Duplicate Subtrees",Medium,60.1%,12.5%
661,https://leetcode.com/problems/image-smoother,"Image Smoother",Easy,68.4%,12.5%
670,https://leetcode.com/problems/maximum-swap,"Maximum Swap",Medium,51.8%,12.5%
674,https://leetcode.com/problems/longest-continuous-increasing-subsequence,"Longest Continuous Increasing Subsequence",Easy,51.2%,12.5%
682,https://leetcode.com/problems/baseball-game,"Baseball Game",Easy,79.0%,12.5%
684,https://leetcode.com/problems/redundant-connection,"Redundant Connection",Medium,66.5%,12.5%
759,https://leetcode.com/problems/employee-free-time,"Employee Free Time",Hard,72.6%,12.5%
773,https://leetcode.com/problems/sliding-puzzle,"Sliding Puzzle",Hard,73.2%,12.5%
779,https://leetcode.com/problems/k-th-symbol-in-grammar,"K-th Symbol in Grammar",Medium,47.5%,12.5%
783,https://leetcode.com/problems/minimum-distance-between-bst-nodes,"Minimum Distance Between BST Nodes",Easy,60.4%,12.5%
819,https://leetcode.com/problems/most-common-word,"Most Common Word",Easy,44.6%,12.5%
836,https://leetcode.com/problems/rectangle-overlap,"Rectangle Overlap",Easy,45.8%,12.5%
847,https://leetcode.com/problems/shortest-path-visiting-all-nodes,"Shortest Path Visiting All Nodes",Hard,65.5%,12.5%
887,https://leetcode.com/problems/super-egg-drop,"Super Egg Drop",Hard,28.8%,12.5%
888,https://leetcode.com/problems/fair-candy-swap,"Fair Candy Swap",Easy,63.4%,12.5%
892,https://leetcode.com/problems/surface-area-of-3d-shapes,"Surface Area of 3D Shapes",Easy,68.2%,12.5%
895,https://leetcode.com/problems/maximum-frequency-stack,"Maximum Frequency Stack",Hard,66.3%,12.5%
942,https://leetcode.com/problems/di-string-match,"DI String Match",Easy,80.1%,12.5%
967,https://leetcode.com/problems/numbers-with-same-consecutive-differences,"Numbers With Same Consecutive Differences",Medium,58.8%,12.5%
980,https://leetcode.com/problems/unique-paths-iii,"Unique Paths III",Hard,82.4%,12.5%
984,https://leetcode.com/problems/string-without-aaa-or-bbb,"String Without AAA or BBB",Medium,44.6%,12.5%
989,https://leetcode.com/problems/add-to-array-form-of-integer,"Add to Array-Form of Integer",Easy,45.1%,12.5%
1010,https://leetcode.com/problems/pairs-of-songs-with-total-durations-divisible-by-60,"Pairs of Songs With Total Durations Divisible by 60",Medium,53.3%,12.5%
1026,https://leetcode.com/problems/maximum-difference-between-node-and-ancestor,"Maximum Difference Between Node and Ancestor",Medium,78.1%,12.5%
1038,https://leetcode.com/problems/binary-search-tree-to-greater-sum-tree,"Binary Search Tree to Greater Sum Tree",Medium,88.3%,12.5%
1108,https://leetcode.com/problems/defanging-an-ip-address,"Defanging an IP Address",Easy,89.7%,12.5%
1137,https://leetcode.com/problems/n-th-tribonacci-number,"N-th Tribonacci Number",Easy,63.5%,12.5%
1163,https://leetcode.com/problems/last-substring-in-lexicographical-order,"Last Substring in Lexicographical Order",Hard,34.6%,12.5%
1172,https://leetcode.com/problems/dinner-plate-stacks,"Dinner Plate Stacks",Hard,32.8%,12.5%
1217,https://leetcode.com/problems/minimum-cost-to-move-chips-to-the-same-position,"Minimum Cost to Move Chips to The Same Position",Easy,72.4%,12.5%
1244,https://leetcode.com/problems/design-a-leaderboard,"Design A Leaderboard",Medium,67.9%,12.5%
1282,https://leetcode.com/problems/group-the-people-given-the-group-size-they-belong-to,"Group the People Given the Group Size They Belong To",Medium,87.4%,12.5%
1287,https://leetcode.com/problems/element-appearing-more-than-25-in-sorted-array,"Element Appearing More Than 25% In Sorted Array",Easy,61.1%,12.5%
1332,https://leetcode.com/problems/remove-palindromic-subsequences,"Remove Palindromic Subsequences",Easy,76.7%,12.5%
1344,https://leetcode.com/problems/angle-between-hands-of-a-clock,"Angle Between Hands of a Clock",Medium,64.2%,12.5%
1368,https://leetcode.com/problems/minimum-cost-to-make-at-least-one-valid-path-in-a-grid,"Minimum Cost to Make at Least One Valid Path in a Grid",Hard,70.7%,12.5%
1403,https://leetcode.com/problems/minimum-subsequence-in-non-increasing-order,"Minimum Subsequence in Non-Increasing Order",Easy,73.0%,12.5%
1422,https://leetcode.com/problems/maximum-score-after-splitting-a-string,"Maximum Score After Splitting a String",Easy,65.1%,12.5%
1462,https://leetcode.com/problems/course-schedule-iv,"Course Schedule IV",Medium,59.6%,12.5%
1463,https://leetcode.com/problems/cherry-pickup-ii,"Cherry Pickup II",Hard,72.0%,12.5%
1483,https://leetcode.com/problems/kth-ancestor-of-a-tree-node,"Kth Ancestor of a Tree Node",Hard,36.1%,12.5%
1484,https://leetcode.com/problems/group-sold-products-by-the-date,"Group Sold Products By The Date",Easy,77.7%,12.5%
1485,https://leetcode.com/problems/clone-binary-tree-with-random-pointer,"Clone Binary Tree With Random Pointer",Medium,81.0%,12.5%
1496,https://leetcode.com/problems/path-crossing,"Path Crossing",Easy,62.5%,12.5%
1525,https://leetcode.com/problems/number-of-good-ways-to-split-a-string,"Number of Good Ways to Split a String",Medium,68.3%,12.5%
1526,https://leetcode.com/problems/minimum-number-of-increments-on-subarrays-to-form-a-target-array,"Minimum Number of Increments on Subarrays to Form a Target Array",Hard,72.5%,12.5%
1567,https://leetcode.com/problems/maximum-length-of-subarray-with-positive-product,"Maximum Length of Subarray With Positive Product",Medium,44.4%,12.5%
1588,https://leetcode.com/problems/sum-of-all-odd-length-subarrays,"Sum of All Odd Length Subarrays",Easy,83.6%,12.5%
1606,https://leetcode.com/problems/find-servers-that-handled-most-number-of-requests,"Find Servers That Handled Most Number of Requests",Hard,44.3%,12.5%
1609,https://leetcode.com/problems/even-odd-tree,"Even Odd Tree",Medium,66.6%,12.5%
1614,https://leetcode.com/problems/maximum-nesting-depth-of-the-parentheses,"Maximum Nesting Depth of the Parentheses",Easy,84.4%,12.5%
1643,https://leetcode.com/problems/kth-smallest-instructions,"Kth Smallest Instructions",Hard,43.8%,12.5%
1646,https://leetcode.com/problems/get-maximum-in-generated-array,"Get Maximum in Generated Array",Easy,51.0%,12.5%
1671,https://leetcode.com/problems/minimum-number-of-removals-to-make-mountain-array,"Minimum Number of Removals to Make Mountain Array",Hard,54.9%,12.5%
1676,https://leetcode.com/problems/lowest-common-ancestor-of-a-binary-tree-iv,"Lowest Common Ancestor of a Binary Tree IV",Medium,79.2%,12.5%
1688,https://leetcode.com/problems/count-of-matches-in-tournament,"Count of Matches in Tournament",Easy,86.0%,12.5%
1732,https://leetcode.com/problems/find-the-highest-altitude,"Find the Highest Altitude",Easy,83.8%,12.5%
1748,https://leetcode.com/problems/sum-of-unique-elements,"Sum of Unique Elements",Easy,79.1%,12.5%
1789,https://leetcode.com/problems/primary-department-for-each-employee,"Primary Department for Each Employee",Easy,71.9%,12.5%
1817,https://leetcode.com/problems/finding-the-users-active-minutes,"Finding the Users Active Minutes",Medium,80.5%,12.5%
1865,https://leetcode.com/problems/finding-pairs-with-a-certain-sum,"Finding Pairs With a Certain Sum",Medium,61.8%,12.5%
1931,https://leetcode.com/problems/painting-a-grid-with-three-different-colors,"Painting a Grid With Three Different Colors",Hard,78.4%,12.5%
1941,https://leetcode.com/problems/check-if-all-characters-have-equal-number-of-occurrences,"Check if All Characters Have Equal Number of Occurrences",Easy,78.7%,12.5%
1976,https://leetcode.com/problems/number-of-ways-to-arrive-at-destination,"Number of Ways to Arrive at Destination",Medium,37.4%,12.5%
2014,https://leetcode.com/problems/longest-subsequence-repeated-k-times,"Longest Subsequence Repeated k Times",Hard,71.6%,12.5%
2034,https://leetcode.com/problems/stock-price-fluctuation,"Stock Price Fluctuation",Medium,48.2%,12.5%
2036,https://leetcode.com/problems/maximum-alternating-subarray-sum,"Maximum Alternating Subarray Sum",Medium,39.8%,12.5%
2062,https://leetcode.com/problems/count-vowel-substrings-of-a-string,"Count Vowel Substrings of a String",Easy,71.6%,12.5%
2094,https://leetcode.com/problems/finding-3-digit-even-numbers,"Finding 3-Digit Even Numbers",Easy,78.9%,12.5%
2096,https://leetcode.com/problems/step-by-step-directions-from-a-binary-tree-node-to-another,"Step-By-Step Directions From a Binary Tree Node to Another",Medium,56.3%,12.5%
2099,https://leetcode.com/problems/find-subsequence-of-length-k-with-the-largest-sum,"Find Subsequence of Length K With the Largest Sum",Easy,57.5%,12.5%
2101,https://leetcode.com/problems/detonate-the-maximum-bombs,"Detonate the Maximum Bombs",Medium,49.3%,12.5%
2127,https://leetcode.com/problems/maximum-employees-to-be-invited-to-a-meeting,"Maximum Employees to Be Invited to a Meeting",Hard,62.0%,12.5%
2140,https://leetcode.com/problems/solving-questions-with-brainpower,"Solving Questions With Brainpower",Medium,60.3%,12.5%
2145,https://leetcode.com/problems/count-the-hidden-sequences,"Count the Hidden Sequences",Medium,56.7%,12.5%
2222,https://leetcode.com/problems/number-of-ways-to-select-buildings,"Number of Ways to Select Buildings",Medium,50.5%,12.5%
2236,https://leetcode.com/problems/root-equals-sum-of-children,"Root Equals Sum of Children",Easy,84.9%,12.5%
2258,https://leetcode.com/problems/escape-the-spreading-fire,"Escape the Spreading Fire",Hard,36.2%,12.5%
2311,https://leetcode.com/problems/longest-binary-subsequence-less-than-or-equal-to-k,"Longest Binary Subsequence Less Than or Equal to K",Medium,52.9%,12.5%
2317,https://leetcode.com/problems/maximum-xor-after-operations,"Maximum XOR After Operations",Medium,79.3%,12.5%
2319,https://leetcode.com/problems/check-if-matrix-is-x-matrix,"Check if Matrix Is X-Matrix",Easy,65.7%,12.5%
2338,https://leetcode.com/problems/count-the-number-of-ideal-arrays,"Count the Number of Ideal Arrays",Hard,57.1%,12.5%
2359,https://leetcode.com/problems/find-closest-node-to-given-two-nodes,"Find Closest Node to Given Two Nodes",Medium,52.8%,12.5%
2375,https://leetcode.com/problems/construct-smallest-number-from-di-string,"Construct Smallest Number From DI String",Medium,85.8%,12.5%
2390,https://leetcode.com/problems/removing-stars-from-a-string,"Removing Stars From a String",Medium,78.1%,12.5%
2467,https://leetcode.com/problems/most-profitable-path-in-a-tree,"Most Profitable Path in a Tree",Medium,67.6%,12.5%
2484,https://leetcode.com/problems/count-palindromic-subsequences,"Count Palindromic Subsequences",Hard,39.4%,12.5%
2492,https://leetcode.com/problems/minimum-score-of-a-path-between-two-cities,"Minimum Score of a Path Between Two Cities",Medium,57.9%,12.5%
2493,https://leetcode.com/problems/divide-nodes-into-the-maximum-number-of-groups,"Divide Nodes Into the Maximum Number of Groups",Hard,67.3%,12.5%
2517,https://leetcode.com/problems/maximum-tastiness-of-candy-basket,"Maximum Tastiness of Candy Basket",Medium,66.4%,12.5%
2542,https://leetcode.com/problems/maximum-subsequence-score,"Maximum Subsequence Score",Medium,54.3%,12.5%
2587,https://leetcode.com/problems/rearrange-array-to-maximize-prefix-score,"Rearrange Array to Maximize Prefix Score",Medium,41.6%,12.5%
2602,https://leetcode.com/problems/minimum-operations-to-make-all-array-elements-equal,"Minimum Operations to Make All Array Elements Equal",Medium,37.0%,12.5%
2619,https://leetcode.com/problems/array-prototype-last,"Array Prototype Last",Easy,74.5%,12.5%
2622,https://leetcode.com/problems/cache-with-time-limit,"Cache With Time Limit",Medium,75.8%,12.5%
2641,https://leetcode.com/problems/cousins-in-binary-tree-ii,"Cousins in Binary Tree II",Medium,75.4%,12.5%
2653,https://leetcode.com/problems/sliding-subarray-beauty,"Sliding Subarray Beauty",Medium,34.3%,12.5%
2665,https://leetcode.com/problems/counter-ii,"Counter II",Easy,81.1%,12.5%
2672,https://leetcode.com/problems/number-of-adjacent-elements-with-the-same-color,"Number of Adjacent Elements With the Same Color",Medium,56.1%,12.5%
2698,https://leetcode.com/problems/find-the-punishment-number-of-an-integer,"Find the Punishment Number of an Integer",Medium,81.8%,12.5%
2780,https://leetcode.com/problems/minimum-index-of-a-valid-split,"Minimum Index of a Valid Split",Medium,75.5%,12.5%
2870,https://leetcode.com/problems/minimum-number-of-operations-to-make-array-empty,"Minimum Number of Operations to Make Array Empty",Medium,61.9%,12.5%
2874,https://leetcode.com/problems/maximum-value-of-an-ordered-triplet-ii,"Maximum Value of an Ordered Triplet II",Medium,56.6%,12.5%
2894,https://leetcode.com/problems/divisible-and-non-divisible-sums-difference,"Divisible and Non-divisible Sums Difference",Easy,91.2%,12.5%
2997,https://leetcode.com/problems/minimum-number-of-operations-to-make-array-xor-equal-to-k,"Minimum Number of Operations to Make Array XOR Equal to K",Medium,85.4%,12.5%
3066,https://leetcode.com/problems/minimum-operations-to-exceed-threshold-value-ii,"Minimum Operations to Exceed Threshold Value II",Medium,45.8%,12.5%
3108,https://leetcode.com/problems/minimum-cost-walk-in-weighted-graph,"Minimum Cost Walk in Weighted Graph",Hard,68.5%,12.5%
3136,https://leetcode.com/problems/valid-word,"Valid Word",Easy,38.8%,12.5%
3163,https://leetcode.com/problems/string-compression-iii,"String Compression III",Medium,66.9%,12.5%
3273,https://leetcode.com/problems/minimum-amount-of-damage-dealt-to-bob,"Minimum Amount of Damage Dealt to Bob",Hard,38.4%,12.5%
3306,https://leetcode.com/problems/count-of-substrings-containing-every-vowel-and-k-consonants-ii,"Count of Substrings Containing Every Vowel and K Consonants II",Medium,40.7%,12.5%
3342,https://leetcode.com/problems/find-minimum-time-to-reach-last-room-ii,"Find Minimum Time to Reach Last Room II",Medium,68.5%,12.5%
3362,https://leetcode.com/problems/zero-array-transformation-iii,"Zero Array Transformation III",Medium,55.2%,12.5%
3396,https://leetcode.com/problems/minimum-number-of-operations-to-make-elements-in-array-distinct,"Minimum Number of Operations to Make Elements in Array Distinct",Easy,71.6%,12.5%
3423,https://leetcode.com/problems/maximum-difference-between-adjacent-elements-in-a-circular-array,"Maximum Difference Between Adjacent Elements in a Circular Array",Easy,75.9%,12.5%
3429,https://leetcode.com/problems/paint-house-iv,"Paint House IV",Medium,43.8%,12.5%
3445,https://leetcode.com/problems/maximum-difference-between-even-and-odd-frequency-ii,"Maximum Difference Between Even and Odd Frequency II",Hard,49.1%,12.5%
3458,https://leetcode.com/problems/select-k-disjoint-special-substrings,"Select K Disjoint Special Substrings",Medium,17.9%,12.5%
3598,https://leetcode.com/problems/longest-common-prefix-between-adjacent-strings-after-removals,"Longest Common Prefix Between Adjacent Strings After Removals",Medium,31.0%,12.5%